creator,createDate,modifiedBy,modificationDate,application,name,type,description
Ex Libris,07/17/2013,Ex Libris,07/17/2013,,AES.analogDigitalFlag,TEXT,
Ex Libris,07/17/2013,Ex Libris,07/17/2013,,AES.bitDepth,TEXT,
Ex Libris,07/17/2013,Ex Libris,07/17/2013,,AES.bitRateReductionDataRate,TEXT,
Ex Libris,07/17/2013,Ex Libris,07/17/2013,,AES.bitRateReductionDataRateMode,TEXT,
Ex Libris,07/17/2013,Ex Libris,07/17/2013,,AES.byteOrder,TEXT,
Ex Libris,07/17/2013,Ex Libris,07/17/2013,,AES.channelAssignment,TEXT,
Ex Libris,07/17/2013,Ex Libris,07/17/2013,,AES.channels,TEXT,
Ex Libris,07/17/2013,Ex Libris,07/17/2013,,AES.codecCreatorApplication,TEXT,
Ex Libris,07/17/2013,Ex Libris,07/17/2013,,AES.codecCreatorApplicationVersion,TEXT,
Ex Libris,07/17/2013,Ex Libris,07/17/2013,,AES.codecName,TEXT,
Ex Libris,07/17/2013,Ex Libris,07/17/2013,,AES.codecNameVersion,TEXT,
Ex Libris,07/17/2013,Ex Libris,07/17/2013,,AES.codecQuality,TEXT,
Ex Libris,07/17/2013,Ex Libris,07/17/2013,,AES.encoding,TEXT,
Ex Libris,07/17/2013,Ex Libris,07/17/2013,,AES.faceTimeRangeDurationCountingMode,NUMBER,
Ex Libris,07/17/2013,Ex Libris,07/17/2013,,AES.faceTimeRangeDurationFrameCount,NUMBER,
Ex Libris,07/17/2013,Ex Libris,07/17/2013,,AES.faceTimeRangeDurationFrames,TEXT,
Ex Libris,07/17/2013,Ex Libris,07/17/2013,,AES.faceTimeRangeDurationFraming,TEXT,
Ex Libris,07/17/2013,Ex Libris,07/17/2013,,AES.faceTimeRangeDurationFramingType,TEXT,
Ex Libris,07/17/2013,Ex Libris,07/17/2013,,AES.faceTimeRangeDurationHours,TEXT,
Ex Libris,07/17/2013,Ex Libris,07/17/2013,,AES.faceTimeRangeDurationMinutes,TEXT,
Ex Libris,07/17/2013,Ex Libris,07/17/2013,,AES.faceTimeRangeDurationNumberOfSamples,NUMBER,
Ex Libris,07/17/2013,Ex Libris,07/17/2013,,AES.faceTimeRangeDurationSampleRate,TEXT,
Ex Libris,07/17/2013,Ex Libris,07/17/2013,,AES.faceTimeRangeDurationSeconds,TEXT,
Ex Libris,07/17/2013,Ex Libris,07/17/2013,,AES.faceTimeRangeDurationTimeBase,TEXT,
Ex Libris,07/17/2013,Ex Libris,07/17/2013,,AES.faceTimeRangeDurationVideoField,TEXT,
Ex Libris,07/17/2013,Ex Libris,07/17/2013,,AES.faceTimeRangeStartCountingMode,NUMBER,
Ex Libris,07/17/2013,Ex Libris,07/17/2013,,AES.faceTimeRangeStartFrameCount,NUMBER,
Ex Libris,07/17/2013,Ex Libris,07/17/2013,,AES.faceTimeRangeStartFrames,TEXT,
Ex Libris,07/17/2013,Ex Libris,07/17/2013,,AES.faceTimeRangeStartFraming,TEXT,
Ex Libris,07/17/2013,Ex Libris,07/17/2013,,AES.faceTimeRangeStartFramingType,TEXT,
Ex Libris,07/17/2013,Ex Libris,07/17/2013,,AES.faceTimeRangeStartHours,TEXT,
Ex Libris,07/17/2013,Ex Libris,07/17/2013,,AES.faceTimeRangeStartMinutes,TEXT,
Ex Libris,07/17/2013,Ex Libris,07/17/2013,,AES.faceTimeRangeStartNumberOfSamples,NUMBER,
Ex Libris,07/17/2013,Ex Libris,07/17/2013,,AES.faceTimeRangeStartSampleRate,TEXT,
Ex Libris,07/17/2013,Ex Libris,07/17/2013,,AES.faceTimeRangeStartSeconds,TEXT,
Ex Libris,07/17/2013,Ex Libris,07/17/2013,,AES.faceTimeRangeStartTimeBase,TEXT,
Ex Libris,07/17/2013,Ex Libris,07/17/2013,,AES.faceTimeRangeStartVideoField,TEXT,
Ex Libris,07/17/2013,Ex Libris,07/17/2013,,AES.firstSampleOffset,TEXT,
Ex Libris,07/17/2013,Ex Libris,07/17/2013,,AES.format,TEXT,
Ex Libris,07/17/2013,Ex Libris,07/17/2013,,AES.formatListSoundField,TEXT,
Ex Libris,07/17/2013,Ex Libris,07/17/2013,,AES.formatListWordSize,TEXT,
Ex Libris,07/17/2013,Ex Libris,07/17/2013,,AES.formatVersion,TEXT,
Ex Libris,07/17/2013,Ex Libris,07/17/2013,,AES.identifierType,TEXT,
Ex Libris,07/17/2013,Ex Libris,07/17/2013,,AES.primaryIdentifier,TEXT,
Ex Libris,07/17/2013,Ex Libris,07/17/2013,,AES.sampleFrames,TEXT,
Ex Libris,07/17/2013,Ex Libris,07/17/2013,,AES.sampleRate,TEXT,
Ex Libris,07/17/2013,Ex Libris,07/17/2013,,AES.schemaVersion,TEXT,
Ex Libris,07/17/2013,Ex Libris,07/17/2013,,AES.timeLine.FrameCount,NUMBER,
Ex Libris,07/17/2013,Ex Libris,07/17/2013,,AES.timeLineCountingMode,NUMBER,
Ex Libris,07/17/2013,Ex Libris,07/17/2013,,AES.timeLineFrames,TEXT,
Ex Libris,07/17/2013,Ex Libris,07/17/2013,,AES.timeLineFraming,TEXT,
Ex Libris,07/17/2013,Ex Libris,07/17/2013,,AES.timeLineFramingType,TEXT,
Ex Libris,07/17/2013,Ex Libris,07/17/2013,,AES.timeLineHours,TEXT,
Ex Libris,07/17/2013,Ex Libris,07/17/2013,,AES.timeLineMinutes,TEXT,
Ex Libris,07/17/2013,Ex Libris,07/17/2013,,AES.timeLineNumberOfSamples,NUMBER,
Ex Libris,07/17/2013,Ex Libris,07/17/2013,,AES.timeLineSamplesRate,TEXT,
Ex Libris,07/17/2013,Ex Libris,07/17/2013,,AES.timeLineSeconds,TEXT,
Ex Libris,07/17/2013,Ex Libris,07/17/2013,,AES.timeLineStartCountingMode,NUMBER,
Ex Libris,07/17/2013,Ex Libris,07/17/2013,,AES.timeLineStartFrameCount,NUMBER,
Ex Libris,07/17/2013,Ex Libris,07/17/2013,,AES.timeLineStartFrames,TEXT,
Ex Libris,07/17/2013,Ex Libris,07/17/2013,,AES.timeLineStartFraming,TEXT,
Ex Libris,07/17/2013,Ex Libris,07/17/2013,,AES.timeLineStartFramingType,TEXT,
Ex Libris,07/17/2013,Ex Libris,07/17/2013,,AES.timeLineStartHours,TEXT,
Ex Libris,07/17/2013,Ex Libris,07/17/2013,,AES.timeLineStartMinutes,TEXT,
Ex Libris,07/17/2013,Ex Libris,07/17/2013,,AES.timeLineStartNumberOfSamples,NUMBER,
Ex Libris,07/17/2013,Ex Libris,07/17/2013,,AES.timeLineStartSampleRate,TEXT,
Ex Libris,07/17/2013,Ex Libris,07/17/2013,,AES.timeLineStartSeconds,TEXT,
Ex Libris,07/17/2013,Ex Libris,07/17/2013,,AES.timeLineStartTimeBase,TEXT,
Ex Libris,07/17/2013,Ex Libris,07/17/2013,,AES.timeLineStartVideoField,TEXT,
Ex Libris,07/17/2013,Ex Libris,07/17/2013,,AES.timeLineTimeBase,TEXT,
Ex Libris,07/17/2013,Ex Libris,07/17/2013,,AES.timeLineVideoField,TEXT,
Ex Libris,07/17/2013,Ex Libris,07/17/2013,,AES.useOtherType,TEXT,
Ex Libris,07/17/2013,Ex Libris,07/17/2013,,AES.useType,TEXT,
Ex Libris,07/17/2013,Ex Libris,07/17/2013,,audio.album,TEXT,
Ex Libris,07/17/2013,Ex Libris,07/17/2013,,audio.annotations,TEXT,
Ex Libris,07/17/2013,Ex Libris,07/17/2013,,audio.arranger,TEXT,
Ex Libris,07/17/2013,Ex Libris,07/17/2013,,audio.artist,TEXT,
Ex Libris,07/17/2013,Ex Libris,07/17/2013,,audio.artistURL,TEXT,
Ex Libris,07/17/2013,Ex Libris,07/17/2013,,audio.author,TEXT,
Ex Libris,07/17/2013,Ex Libris,07/17/2013,,audio.averageBytesPerSec,TEXT,
Ex Libris,07/17/2013,Ex Libris,07/17/2013,,audio.bextCodingHistory,TEXT,
Ex Libris,07/17/2013,Ex Libris,07/17/2013,,audio.bextDescription,TEXT,
Ex Libris,07/17/2013,Ex Libris,07/17/2013,,audio.bextOriginationDate,DATE,
Ex Libris,07/17/2013,Ex Libris,07/17/2013,,audio.bextOriginationTime,TEXT,
Ex Libris,07/17/2013,Ex Libris,07/17/2013,,audio.bextOriginator,TEXT,
Ex Libris,07/17/2013,Ex Libris,07/17/2013,,audio.bextOriginatorReference,TEXT,
Ex Libris,07/17/2013,Ex Libris,07/17/2013,,audio.bextTimeReference,TEXT,
Ex Libris,07/17/2013,Ex Libris,07/17/2013,,audio.bextUMID,TEXT,
Ex Libris,07/17/2013,Ex Libris,07/17/2013,,audio.bextVersion,TEXT,
Peter McKinney,15/12/2017,Peter McKinney,15/12/2017,,audio.bit_depth,TEXT,
Peter McKinney,15/12/2017,Jan Hutar,26/01/2022,,audio.bit_rate,TEXT,
Peter McKinney,15/12/2017,Peter McKinney,15/12/2017,,audio.bit_rate_mode,TEXT,
Ex Libris,07/17/2013,Ex Libris,07/17/2013,,audio.bitDepth,TEXT,
Ex Libris,07/17/2013,Ex Libris,07/17/2013,,audio.bitRate,TEXT,
Ex Libris,07/17/2013,Ex Libris,07/17/2013,,audio.bitRateUnit,TEXT,
Ex Libris,07/17/2013,Ex Libris,07/17/2013,,audio.BlockAlign,TEXT,
Ex Libris,07/17/2013,Ex Libris,07/17/2013,,audio.blockSize,TEXT,
Ex Libris,07/17/2013,Ex Libris,07/17/2013,,audio.catalogNumber,NUMBER,
Ex Libris,07/17/2013,Ex Libris,07/17/2013,,audio.CDnoOfTracks,TEXT,
Peter McKinney,15/12/2017,Peter McKinney,15/12/2017,,audio.channel_s_,TEXT,
Ex Libris,07/17/2013,Ex Libris,07/17/2013,,audio.channels,TEXT,
Peter McKinney,15/12/2017,Peter McKinney,15/12/2017,,audio.codec_ID,TEXT,
Ex Libris,07/17/2013,Ex Libris,07/17/2013,,audio.comment,TEXT,
Ex Libris,07/17/2013,Ex Libris,07/17/2013,,audio.composer,TEXT,
Ex Libris,07/17/2013,Ex Libris,07/17/2013,,audio.compressionCode,TEXT,
Ex Libris,07/17/2013,Ex Libris,07/17/2013,,audio.compressionName,TEXT,
Ex Libris,07/17/2013,Ex Libris,07/17/2013,,audio.compressionType,TEXT,
Ex Libris,07/17/2013,Ex Libris,07/17/2013,,audio.conductor,TEXT,
Ex Libris,07/17/2013,Ex Libris,07/17/2013,,audio.contact,TEXT,
Ex Libris,07/17/2013,Ex Libris,07/17/2013,,audio.contentType,TEXT,
Ex Libris,07/17/2013,Ex Libris,07/17/2013,,audio.copyright,TEXT,
Ex Libris,07/17/2013,Ex Libris,07/17/2013,,audio.creatingApplication,TEXT,
Ex Libris,07/17/2013,Ex Libris,07/17/2013,,audio.creationDate,TEXT,
Ex Libris,07/17/2013,Ex Libris,07/17/2013,,audio.cueTrackISRC,TEXT,
Ex Libris,07/17/2013,Ex Libris,07/17/2013,,audio.dataLength,NUMBER,
Ex Libris,07/17/2013,Ex Libris,07/17/2013,,audio.description,TEXT,
Ex Libris,07/17/2013,Ex Libris,07/17/2013,,audio.discNumber,TEXT,
Peter McKinney,15/12/2017,Jan Hutar,25/03/2021,,audio.duration,NUMBER,
Ex Libris,07/17/2013,Ex Libris,07/17/2013,,audio.durationHours,TEXT,
Ex Libris,07/17/2013,Ex Libris,07/17/2013,,audio.durationMinutes,TEXT,
Ex Libris,07/17/2013,Ex Libris,07/17/2013,,audio.durationMS,TEXT,
Ex Libris,07/17/2013,Ex Libris,07/17/2013,,audio.durationSeconds,TEXT,
Ex Libris,07/17/2013,Ex Libris,07/17/2013,,audio.durationTotalMilliSeconds,TEXT,
Ex Libris,07/17/2013,Ex Libris,07/17/2013,,audio.ean_upn,TEXT,
Ex Libris,07/17/2013,Ex Libris,07/17/2013,,audio.encoding,TEXT,
Ex Libris,07/17/2013,Ex Libris,07/17/2013,,audio.encodingApplication,TEXT,
Ex Libris,07/17/2013,Ex Libris,07/17/2013,,audio.ensemble,TEXT,
Ex Libris,07/17/2013,Ex Libris,07/17/2013,,audio.flacCueTrackIndexNumber,NUMBER,
Ex Libris,07/17/2013,Ex Libris,07/17/2013,,audio.flacCueTrackIndexPointsTrack-offset,TEXT,
Ex Libris,07/17/2013,Ex Libris,07/17/2013,,audio.flacCueTrackOffset,TEXT,
Ex Libris,07/17/2013,Ex Libris,07/17/2013,,audio.flacEmph,TEXT,
Ex Libris,07/17/2013,Ex Libris,07/17/2013,,audio.flacImageType,TEXT,
Ex Libris,07/17/2013,Ex Libris,07/17/2013,,audio.flacMaxBlockSize,TEXT,
Ex Libris,07/17/2013,Ex Libris,07/17/2013,,audio.flacMaxFrameSize,TEXT,
Ex Libris,07/17/2013,Ex Libris,07/17/2013,,audio.flacMinBlockSize,TEXT,
Ex Libris,07/17/2013,Ex Libris,07/17/2013,,audio.flacMinFrameSize,TEXT,
Ex Libris,07/17/2013,Ex Libris,07/17/2013,,audio.flacPictureColourDepth,TEXT,
Ex Libris,07/17/2013,Ex Libris,07/17/2013,,audio.flacPictureColourDepthUnit,TEXT,
Ex Libris,07/17/2013,Ex Libris,07/17/2013,,audio.flacPictureDescription,TEXT,
Ex Libris,07/17/2013,Ex Libris,07/17/2013,,audio.flacPictureHeight,TEXT,
Ex Libris,07/17/2013,Ex Libris,07/17/2013,,audio.flacPictureNoColours,TEXT,
Ex Libris,07/17/2013,Ex Libris,07/17/2013,,audio.flacPictureSize,TEXT,
Ex Libris,07/17/2013,Ex Libris,07/17/2013,,audio.flacPictureWidth,NUMBER,
Peter McKinney,15/12/2017,Peter McKinney,15/12/2017,,audio.format,TEXT,
Peter McKinney,15/12/2017,Peter McKinney,15/12/2017,,audio.format_profile,TEXT,
Peter McKinney,15/12/2017,Peter McKinney,15/12/2017,,audio.format_Settings_Wrapping,TEXT,
Peter McKinney,15/12/2017,Peter McKinney,15/12/2017,,audio.format_version,TEXT,
Ex Libris,07/17/2013,Ex Libris,07/17/2013,,audio.formatVersion,TEXT,
Peter McKinney,15/12/2017,Peter McKinney,15/12/2017,,audio.frame_rate,TEXT,
Ex Libris,07/17/2013,Ex Libris,07/17/2013,,audio.frameSamples,TEXT,
Ex Libris,07/17/2013,Ex Libris,07/17/2013,,audio.genre,TEXT,
Peter McKinney,15/12/2017,Peter McKinney,15/12/2017,,audio.ID,TEXT,
Ex Libris,07/17/2013,Ex Libris,07/17/2013,,audio.imageMimetype,TEXT,
Ex Libris,07/17/2013,Ex Libris,07/17/2013,,audio.instrumentBaseNote,TEXT,
Ex Libris,07/17/2013,Ex Libris,07/17/2013,,audio.instrumentDetune,TEXT,
Ex Libris,07/17/2013,Ex Libris,07/17/2013,,audio.instrumentGain,TEXT,
Ex Libris,07/17/2013,Ex Libris,07/17/2013,,audio.instrumentHighNote,TEXT,
Ex Libris,07/17/2013,Ex Libris,07/17/2013,,audio.instrumentHighVelocity,TEXT,
Ex Libris,07/17/2013,Ex Libris,07/17/2013,,audio.instrumentLowNote,TEXT,
Ex Libris,07/17/2013,Ex Libris,07/17/2013,,audio.instrumentLowVelocity,TEXT,
Ex Libris,07/17/2013,Ex Libris,07/17/2013,,audio.isCD,TEXT,
Ex Libris,07/17/2013,Ex Libris,07/17/2013,,audio.label,TEXT,
Ex Libris,07/17/2013,Ex Libris,07/17/2013,,audio.labelNo,TEXT,
Ex Libris,07/17/2013,Ex Libris,07/17/2013,,audio.layer,TEXT,
Ex Libris,07/17/2013,Ex Libris,07/17/2013,,audio.layerName,TEXT,
Ex Libris,07/17/2013,Ex Libris,07/17/2013,,audio.leadInSamples,TEXT,
Ex Libris,07/17/2013,Ex Libris,07/17/2013,,audio.license,TEXT,
Ex Libris,07/17/2013,Ex Libris,07/17/2013,,audio.location,TEXT,
Ex Libris,07/17/2013,Ex Libris,07/17/2013,,audio.lyricist,TEXT,
Ex Libris,07/17/2013,Ex Libris,07/17/2013,,audio.MD5,TEXT,
Ex Libris,07/17/2013,Ex Libris,07/17/2013,,audio.mode,TEXT,
Ex Libris,07/17/2013,Ex Libris,07/17/2013,,audio.MP3emph,TEXT,
Ex Libris,07/17/2013,Ex Libris,07/17/2013,,audio.MP3Version,TEXT,
Ex Libris,07/17/2013,Ex Libris,07/17/2013,,audio.MP3VersionName,TEXT,
Ex Libris,07/17/2013,Ex Libris,07/17/2013,,audio.name,TEXT,
Ex Libris,07/17/2013,Ex Libris,07/17/2013,,audio.nlnzmde.modified,TEXT,
Ex Libris,07/17/2013,Ex Libris,07/17/2013,,audio.offset,TEXT,
Ex Libris,07/17/2013,Ex Libris,07/17/2013,,audio.opus,TEXT,
Ex Libris,07/17/2013,Ex Libris,07/17/2013,,audio.organisation,TEXT,
Ex Libris,07/17/2013,Ex Libris,07/17/2013,,audio.original,TEXT,
Ex Libris,07/17/2013,Ex Libris,07/17/2013,,audio.paddingLength,NUMBER,
Ex Libris,07/17/2013,Ex Libris,07/17/2013,,audio.part,TEXT,
Ex Libris,07/17/2013,Ex Libris,07/17/2013,,audio.partNo,TEXT,
Ex Libris,07/17/2013,Ex Libris,07/17/2013,,audio.performer,TEXT,
Ex Libris,07/17/2013,Ex Libris,07/17/2013,,audio.profiles,TEXT,
Ex Libris,07/17/2013,Ex Libris,07/17/2013,,audio.protection,TEXT,
Ex Libris,07/17/2013,Ex Libris,07/17/2013,,audio.publisher,TEXT,
Ex Libris,07/17/2013,Ex Libris,07/17/2013,,audio.releaseLoopBegin,TEXT,
Ex Libris,07/17/2013,Ex Libris,07/17/2013,,audio.releaseLoopEnd,TEXT,
Ex Libris,07/17/2013,Ex Libris,07/17/2013,,audio.releaseLoopPlayMode,TEXT,
Ex Libris,07/17/2013,Ex Libris,07/17/2013,,audio.sampleFrame,TEXT,
Ex Libris,07/17/2013,Ex Libris,07/17/2013,,audio.sampleNumber,NUMBER,
Ex Libris,07/17/2013,Ex Libris,07/17/2013,,audio.sampleRate,TEXT,
Ex Libris,07/17/2013,Ex Libris,07/17/2013,,audio.sampleRateUnit,TEXT,
Peter McKinney,15/12/2017,Jan Hutar,25/03/2021,,audio.sampling_rate,NUMBER,
Ex Libris,07/17/2013,Ex Libris,07/17/2013,,audio.sourceMedia,TEXT,
Peter McKinney,15/12/2017,Jan Hutar,25/03/2021,,audio.stream_size,NUMBER,
Ex Libris,07/17/2013,Ex Libris,07/17/2013,,audio.streamOffset,TEXT,
Ex Libris,07/17/2013,Ex Libris,07/17/2013,,audio.sustainLoopBegin,TEXT,
Ex Libris,07/17/2013,Ex Libris,07/17/2013,,audio.sustainLoopEnd,TEXT,
Ex Libris,07/17/2013,Ex Libris,07/17/2013,,audio.sustainLoopPlayMode,TEXT,
Ex Libris,07/17/2013,Ex Libris,07/17/2013,,audio.tagVersion,TEXT,
Ex Libris,07/17/2013,Ex Libris,07/17/2013,,audio.title,TEXT,
Ex Libris,07/17/2013,Ex Libris,07/17/2013,,audio.totalSamples,TEXT,
Ex Libris,07/17/2013,Ex Libris,07/17/2013,,audio.track,TEXT,
Ex Libris,07/17/2013,Ex Libris,07/17/2013,,audio.trackIsAudio,TEXT,
Ex Libris,07/17/2013,Ex Libris,07/17/2013,,audio.trackNo,TEXT,
Ex Libris,07/17/2013,Ex Libris,07/17/2013,,audio.trackNumber,TEXT,
Ex Libris,07/17/2013,Ex Libris,07/17/2013,,audio.vendorString,TEXT,
Ex Libris,07/17/2013,Ex Libris,07/17/2013,,audio.vorbisCommentVersion,TEXT,
Ex Libris,07/17/2013,Ex Libris,07/17/2013,,audio.vorbisISRC,TEXT,
Ex Libris,07/17/2013,Ex Libris,07/17/2013,,audio.year,TEXT,
Ex Libris,07/17/2013,Ex Libris,07/17/2013,,bitmap.colorBlue,TEXT,
Ex Libris,07/17/2013,Ex Libris,07/17/2013,,bitmap.colorGreen,TEXT,
Ex Libris,07/17/2013,Ex Libris,07/17/2013,,bitmap.colorIndex,TEXT,
Ex Libris,07/17/2013,Ex Libris,07/17/2013,,bitmap.colorRed,TEXT,
Ex Libris,07/17/2013,Ex Libris,07/17/2013,,bitmap.colorReserved,TEXT,
Ex Libris,07/17/2013,Ex Libris,07/17/2013,,bitmap.colours,TEXT,
Ex Libris,07/17/2013,Ex Libris,07/17/2013,,bitmap.importantColours,TEXT,
Ex Libris,07/17/2013,Ex Libris,07/17/2013,,exif.apertureValue,TEXT,
Ex Libris,07/17/2013,Ex Libris,07/17/2013,,exif.colourSpace,TEXT,
Ex Libris,07/17/2013,Ex Libris,07/17/2013,,exif.componentsConfiguration,TEXT,
Ex Libris,07/17/2013,Ex Libris,07/17/2013,,exif.compressedBitsPerPixel,TEXT,
Ex Libris,07/17/2013,Ex Libris,07/17/2013,,exif.customRendered,TEXT,
Ex Libris,07/17/2013,Ex Libris,07/17/2013,,exif.dateTimeOriginal,TEXT,
Ex Libris,07/17/2013,Ex Libris,07/17/2013,,exif.exifVersion,TEXT,
Ex Libris,07/17/2013,Ex Libris,07/17/2013,,exif.exposureBiasValue,TEXT,
Ex Libris,07/17/2013,Ex Libris,07/17/2013,,exif.exposureProgram,TEXT,
Ex Libris,07/17/2013,Ex Libris,07/17/2013,,exif.exposureTime,TEXT,
Ex Libris,07/17/2013,Ex Libris,07/17/2013,,exif.fileSource,TEXT,
Ex Libris,07/17/2013,Ex Libris,07/17/2013,,exif.flash,TEXT,
Ex Libris,07/17/2013,Ex Libris,07/17/2013,,exif.flashpixVersion,TEXT,
Ex Libris,07/17/2013,Ex Libris,07/17/2013,,exif.fNumber,TEXT,
Ex Libris,07/17/2013,Ex Libris,07/17/2013,,exif.focalLength,NUMBER,
Ex Libris,07/17/2013,Ex Libris,07/17/2013,,exif.focalLengthIn35mmFilm,NUMBER,
Ex Libris,07/17/2013,Ex Libris,07/17/2013,,exif.focalPlaneResolutionUnit,TEXT,
Ex Libris,07/17/2013,Ex Libris,07/17/2013,,exif.lightSource,TEXT,
Ex Libris,07/17/2013,Ex Libris,07/17/2013,,exif.makerNote,TEXT,
Ex Libris,07/17/2013,Ex Libris,07/17/2013,,exif.maxApertureValue,TEXT,
Ex Libris,07/17/2013,Ex Libris,07/17/2013,,exif.meteringMode,TEXT,
Ex Libris,07/17/2013,Ex Libris,07/17/2013,,exif.pixelXDimension,TEXT,
Ex Libris,07/17/2013,Ex Libris,07/17/2013,,exif.pixelYDimension,TEXT,
Ex Libris,07/17/2013,Ex Libris,07/17/2013,,exif.saturation,TEXT,
Ex Libris,07/17/2013,Ex Libris,07/17/2013,,exif.sceneCaptureType,TEXT,
Ex Libris,07/17/2013,Ex Libris,07/17/2013,,exif.sceneType,TEXT,
Ex Libris,07/17/2013,Ex Libris,07/17/2013,,exif.sharpness,TEXT,
Ex Libris,07/17/2013,Ex Libris,07/17/2013,,exif.shutterSpeedValue,TEXT,
Ex Libris,07/17/2013,Ex Libris,07/17/2013,,exif.subjectDistance,TEXT,
Ex Libris,07/17/2013,Ex Libris,07/17/2013,,exif.subjectDistanceRange,TEXT,
Peter McKinney,15/12/2017,Peter McKinney,15/12/2017,,general.codec_ID,TEXT,
Peter McKinney,15/12/2017,Peter McKinney,15/12/2017,,general.complete_name,TEXT,
Peter McKinney,15/12/2017,Peter McKinney,15/12/2017,,general.duration,TEXT,
Peter McKinney,15/12/2017,Peter McKinney,15/12/2017,,general.encoded_date,TEXT,
Peter McKinney,15/12/2017,Peter McKinney,15/12/2017,,general.file_size,TEXT,
Peter McKinney,15/12/2017,Peter McKinney,15/12/2017,,general.format,TEXT,
Peter McKinney,15/12/2017,Peter McKinney,15/12/2017,,general.format_profile,TEXT,
Peter McKinney,15/12/2017,Peter McKinney,15/12/2017,,general.format_version,TEXT,
Peter McKinney,15/12/2017,Peter McKinney,15/12/2017,,general.overall_bit_rate,TEXT,
Peter McKinney,15/12/2017,Peter McKinney,15/12/2017,,general.writing_application,TEXT,
Peter McKinney,15/12/2017,Peter McKinney,15/12/2017,,general.writing_library,TEXT,
Ex Libris,07/17/2013,Ex Libris,07/17/2013,,gif.backgroundColourIndex,TEXT,
Ex Libris,07/17/2013,Ex Libris,07/17/2013,,gif.colourResolution,TEXT,
Ex Libris,07/17/2013,Ex Libris,07/17/2013,,gif.delayTime,TEXT,
Ex Libris,07/17/2013,Ex Libris,07/17/2013,,gif.disposalMethod,TEXT,
Ex Libris,07/17/2013,Ex Libris,07/17/2013,,gif.globalColourTableFlag,TEXT,
Ex Libris,07/17/2013,Ex Libris,07/17/2013,,gif.globalColourTableSize,TEXT,
Ex Libris,07/17/2013,Ex Libris,07/17/2013,,gif.globalColourTableSortFlag,TEXT,
Ex Libris,07/17/2013,Ex Libris,07/17/2013,,gif.graphicRenderingBlocks,TEXT,
Ex Libris,07/17/2013,Ex Libris,07/17/2013,,gif.imageLeft,TEXT,
Ex Libris,07/17/2013,Ex Libris,07/17/2013,,gif.imageTopPosition,TEXT,
Ex Libris,07/17/2013,Ex Libris,07/17/2013,,gif.interlaceFlag,TEXT,
Ex Libris,07/17/2013,Ex Libris,07/17/2013,,gif.localColourTableFlag,TEXT,
Ex Libris,07/17/2013,Ex Libris,07/17/2013,,gif.localColourTableSize,TEXT,
Ex Libris,07/17/2013,Ex Libris,07/17/2013,,gif.localColourTableSortFlag,TEXT,
Ex Libris,07/17/2013,Ex Libris,07/17/2013,,gif.logicalScreenHeight,TEXT,
Ex Libris,07/17/2013,Ex Libris,07/17/2013,,gif.logicalScreenWidth,NUMBER,
Ex Libris,07/17/2013,Ex Libris,07/17/2013,,gif.pixelAspectRatio,TEXT,
Ex Libris,07/17/2013,Ex Libris,07/17/2013,,gif.transparencyFlag,TEXT,
Ex Libris,07/17/2013,Ex Libris,07/17/2013,,gif.transparentColourIndex,TEXT,
Ex Libris,07/17/2013,Ex Libris,07/17/2013,,gif.userInputFlag,TEXT,
Ex Libris,07/17/2013,Ex Libris,07/17/2013,,html.associatedEntity,TEXT,
Ex Libris,07/17/2013,Ex Libris,07/17/2013,,html.associatedEntityType,TEXT,
Ex Libris,07/17/2013,Ex Libris,07/17/2013,,html.cmsApplication,TEXT,
Ex Libris,07/17/2013,Ex Libris,07/17/2013,,html.containsComments,TEXT,
Ex Libris,07/17/2013,Ex Libris,07/17/2013,,html.datatables,TEXT,
Ex Libris,07/17/2013,Ex Libris,07/17/2013,,html.dtd,TEXT,
Ex Libris,07/17/2013,Ex Libris,07/17/2013,,html.dynamic,TEXT,
Ex Libris,07/17/2013,Ex Libris,07/17/2013,,html.forms,TEXT,
Ex Libris,07/17/2013,Ex Libris,07/17/2013,,html.frameset,TEXT,
Ex Libris,07/17/2013,Ex Libris,07/17/2013,,html.httpEquivType,TEXT,
Ex Libris,07/17/2013,Ex Libris,07/17/2013,,html.language,TEXT,
Ex Libris,07/17/2013,Ex Libris,07/17/2013,,html.languageType,TEXT,
Ex Libris,07/17/2013,Ex Libris,07/17/2013,,html.paragraphsCount,NUMBER,
Ex Libris,07/17/2013,Ex Libris,07/17/2013,,html.scriptsCount,NUMBER,
Ex Libris,07/17/2013,Ex Libris,07/17/2013,,html.stylesheetsCount,NUMBER,
Ex Libris,07/17/2013,Ex Libris,07/17/2013,,html.subtype,TEXT,
Ex Libris,07/17/2013,Ex Libris,07/17/2013,,html.title,TEXT,
Ex Libris,07/17/2013,Ex Libris,07/17/2013,,html.type,TEXT,
Ex Libris,07/17/2013,Ex Libris,07/17/2013,,html.usesStyleSheets,TEXT,
Ex Libris,07/17/2013,Ex Libris,07/17/2013,,html.version,TEXT,
Ex Libris,07/17/2013,Ex Libris,07/17/2013,,html.webApplication,TEXT,
Ex Libris,07/17/2013,Ex Libris,07/17/2013,,html.wordsCount,NUMBER,
Ex Libris,07/17/2013,Ex Libris,07/17/2013,,image.applicationSegments,TEXT,
Ex Libris,07/17/2013,Ex Libris,07/17/2013,,image.backgroundColourIndicator,TEXT,
Peter McKinney,15/12/2017,Peter McKinney,15/12/2017,,image.bit_depth,TEXT,
Ex Libris,07/17/2013,Ex Libris,07/17/2013,,image.bitCount,NUMBER,
Ex Libris,07/17/2013,Ex Libris,07/17/2013,,image.bitDepth,TEXT,
Ex Libris,07/17/2013,Ex Libris,07/17/2013,,image.bitsPerExtendedRunLength,NUMBER,
Ex Libris,07/17/2013,Ex Libris,07/17/2013,,image.bitsPerRunLength,NUMBER,
Ex Libris,07/17/2013,Ex Libris,07/17/2013,,image.byteOrder,TEXT,
Peter McKinney,15/12/2017,Peter McKinney,15/12/2017,,image.color_primaries,TEXT,
Peter McKinney,15/12/2017,Peter McKinney,15/12/2017,,image.color_space,TEXT,
Ex Libris,07/17/2013,Ex Libris,07/17/2013,,image.colours,TEXT,
Ex Libris,07/17/2013,Ex Libris,07/17/2013,,image.comments,TEXT,
Ex Libris,07/17/2013,Ex Libris,07/17/2013,,image.compression,TEXT,
Peter McKinney,15/12/2017,Peter McKinney,15/12/2017,,image.compression_mode,TEXT,
Ex Libris,07/17/2013,Ex Libris,07/17/2013,,image.compressionType,TEXT,
Ex Libris,07/17/2013,Ex Libris,07/17/2013,,image.creationDate,TEXT,
Ex Libris,07/17/2013,Ex Libris,07/17/2013,,image.dataOffSet,TEXT,
Ex Libris,07/17/2013,Ex Libris,07/17/2013,,image.description,TEXT,
Peter McKinney,15/12/2017,Peter McKinney,15/12/2017,,image.display_aspect_ratio,TEXT,
Ex Libris,07/17/2013,Ex Libris,07/17/2013,,image.dngAnalogBalance,TEXT,
Ex Libris,07/17/2013,Ex Libris,07/17/2013,,image.dngAsShotNeutral,TEXT,
Ex Libris,07/17/2013,Ex Libris,07/17/2013,,image.dngBackwardVersion,TEXT,
Ex Libris,07/17/2013,Ex Libris,07/17/2013,,image.dngBaselineExposure,TEXT,
Ex Libris,07/17/2013,Ex Libris,07/17/2013,,image.dngBaselineNoise,TEXT,
Ex Libris,07/17/2013,Ex Libris,07/17/2013,,image.dngBaselineSharpness,TEXT,
Ex Libris,07/17/2013,Ex Libris,07/17/2013,,image.dngCalibrationIlluminant1,TEXT,
Ex Libris,07/17/2013,Ex Libris,07/17/2013,,image.dngCalibrationIlluminant2,TEXT,
Ex Libris,07/17/2013,Ex Libris,07/17/2013,,image.dngColourMatrix1,TEXT,
Ex Libris,07/17/2013,Ex Libris,07/17/2013,,image.dngColourMatrix2,TEXT,
Ex Libris,07/17/2013,Ex Libris,07/17/2013,,image.dngLinearResponseLimit,TEXT,
Ex Libris,07/17/2013,Ex Libris,07/17/2013,,image.dngLocalizedCameraModel,TEXT,
Ex Libris,07/17/2013,Ex Libris,07/17/2013,,image.dngUniqueCameraMode,TEXT,
Ex Libris,07/17/2013,Ex Libris,07/17/2013,,image.dngVersion,TEXT,
Ex Libris,07/17/2013,Ex Libris,07/17/2013,,image.documentName,TEXT,
Ex Libris,07/17/2013,Ex Libris,07/17/2013,,image.dotrange,TEXT,
Peter McKinney,15/12/2017,Peter McKinney,15/12/2017,,image.encoded_date,TEXT,
Ex Libris,07/17/2013,Ex Libris,07/17/2013,,image.filesize,TEXT,
Peter McKinney,15/12/2017,Peter McKinney,15/12/2017,,image.format,TEXT,
Peter McKinney,15/12/2017,Peter McKinney,15/12/2017,,image.format_version,TEXT,
Peter McKinney,15/12/2017,Peter McKinney,15/12/2017,,image.frame_rate,TEXT,
Ex Libris,07/17/2013,Ex Libris,07/17/2013,,image.headerReserved,TEXT,
Ex Libris,07/17/2013,Ex Libris,07/17/2013,,image.headerSize,TEXT,
Peter McKinney,15/12/2017,Peter McKinney,15/12/2017,,image.height,TEXT,
Ex Libris,07/17/2013,Ex Libris,07/17/2013,,image.IFDNumber,NUMBER,
Ex Libris,07/17/2013,Ex Libris,07/17/2013,,image.IFDoffset,TEXT,
Ex Libris,07/17/2013,Ex Libris,07/17/2013,,image.IFDType,TEXT,
Ex Libris,07/17/2013,Ex Libris,07/17/2013,,image.imageColourIndicator,TEXT,
Ex Libris,07/17/2013,Ex Libris,07/17/2013,,image.imageNumber,NUMBER,
Ex Libris,07/17/2013,Ex Libris,07/17/2013,,image.imageSize,TEXT,
Ex Libris,07/17/2013,Ex Libris,07/17/2013,,image.importantColours,TEXT,
Ex Libris,07/17/2013,Ex Libris,07/17/2013,,image.inkSet,TEXT,
Ex Libris,07/17/2013,Ex Libris,07/17/2013,,image.interColourProfile,TEXT,
Ex Libris,07/17/2013,Ex Libris,07/17/2013,,image.jpegTables,TEXT,
Ex Libris,07/17/2013,Ex Libris,07/17/2013,,image.lensInfo,TEXT,
Ex Libris,07/17/2013,Ex Libris,07/17/2013,,image.maxSampleValue,TEXT,
Ex Libris,07/17/2013,Ex Libris,07/17/2013,,image.minorVersion,TEXT,
Ex Libris,07/17/2013,Ex Libris,07/17/2013,,image.minSampleValue,TEXT,
Ex Libris,07/17/2013,Ex Libris,07/17/2013,,image.multiImage,TEXT,
Ex Libris,07/17/2013,Ex Libris,07/17/2013,,image.multiImageCount,NUMBER,
Ex Libris,07/17/2013,Ex Libris,07/17/2013,,image.newSubFileType,TEXT,
Ex Libris,07/17/2013,Ex Libris,07/17/2013,,image.numberOfInks,NUMBER,
Ex Libris,07/17/2013,Ex Libris,07/17/2013,,image.pixelAspectRatioX,TEXT,
Ex Libris,07/17/2013,Ex Libris,07/17/2013,,image.pixelAspectRatioY,TEXT,
Ex Libris,07/17/2013,Ex Libris,07/17/2013,,image.pixelIntensityRange,TEXT,
Ex Libris,07/17/2013,Ex Libris,07/17/2013,,image.planes,TEXT,
Ex Libris,07/17/2013,Ex Libris,07/17/2013,,image.planesCount,NUMBER,
Ex Libris,07/17/2013,Ex Libris,07/17/2013,,image.quantisationTableDestinationID,TEXT,
Ex Libris,07/17/2013,Ex Libris,07/17/2013,,image.quantisationTablePrecision,TEXT,
Ex Libris,07/17/2013,Ex Libris,07/17/2013,,image.rasterPadding,TEXT,
Ex Libris,07/17/2013,Ex Libris,07/17/2013,,image.restartInterval,TEXT,
Ex Libris,07/17/2013,Ex Libris,07/17/2013,,image.sampeFormat,TEXT,
Ex Libris,07/17/2013,Ex Libris,07/17/2013,,image.scans,TEXT,
Ex Libris,07/17/2013,Ex Libris,07/17/2013,,image.signature,TEXT,
Peter McKinney,15/12/2017,Peter McKinney,15/12/2017,,image.stream_size,TEXT,
Ex Libris,07/17/2013,Ex Libris,07/17/2013,,image.threshholding,TEXT,
Ex Libris,07/17/2013,Ex Libris,07/17/2013,,image.timeZoneOffset,TEXT,
Peter McKinney,15/12/2017,Peter McKinney,15/12/2017,,image.transfer_characteristics,TEXT,
Ex Libris,07/17/2013,Ex Libris,07/17/2013,,image.transferRange,TEXT,
Ex Libris,07/17/2013,Ex Libris,07/17/2013,,image.transparencyIndicator,TEXT,
Peter McKinney,15/12/2017,Peter McKinney,15/12/2017,,image.width,TEXT,
Peter McKinney,15/12/2017,Peter McKinney,15/12/2017,,image.writing_library,TEXT,
Ex Libris,07/17/2013,Ex Libris,07/17/2013,,image.XML,TEXT,
Ex Libris,07/17/2013,Ex Libris,07/17/2013,,image.XMP,TEXT,
Ex Libris,07/17/2013,Ex Libris,07/17/2013,,image.xResolution,TEXT,
Ex Libris,07/17/2013,Ex Libris,07/17/2013,,image.yResolution,TEXT,
Ex Libris,07/17/2013,Ex Libris,07/17/2013,,jp2.brand,TEXT,
Ex Libris,07/17/2013,Ex Libris,07/17/2013,,jp2.codeBlockHeight,TEXT,
Ex Libris,07/17/2013,Ex Libris,07/17/2013,,jp2.codeBlockStyle,TEXT,
Ex Libris,07/17/2013,Ex Libris,07/17/2013,,jp2.codeBlockWidth,NUMBER,
Ex Libris,07/17/2013,Ex Libris,07/17/2013,,jp2.codingStyle,TEXT,
Ex Libris,07/17/2013,Ex Libris,07/17/2013,,jp2.colourspaceUnknown,TEXT,
Ex Libris,07/17/2013,Ex Libris,07/17/2013,,jp2.colourspecApprox,TEXT,
Ex Libris,07/17/2013,Ex Libris,07/17/2013,,jp2.colourSpecEnumCS,TEXT,
Ex Libris,07/17/2013,Ex Libris,07/17/2013,,jp2.colourSpecMethod,TEXT,
Ex Libris,07/17/2013,Ex Libris,07/17/2013,,jp2.colourSpecPrecedence,TEXT,
Ex Libris,07/17/2013,Ex Libris,07/17/2013,,jp2.comments,TEXT,
Ex Libris,07/17/2013,Ex Libris,07/17/2013,,jp2.compatibility,TEXT,
Ex Libris,07/17/2013,Ex Libris,07/17/2013,,jp2.horizResolutionDenominator,TEXT,
Ex Libris,07/17/2013,Ex Libris,07/17/2013,,jp2.horizResolutionExponent,TEXT,
Ex Libris,07/17/2013,Ex Libris,07/17/2013,,jp2.horizResolutionNumerator,NUMBER,
Ex Libris,07/17/2013,Ex Libris,07/17/2013,,jp2.imageAndTileSizeCapabilities,TEXT,
Ex Libris,07/17/2013,Ex Libris,07/17/2013,,jp2.imageAndTileSizeCSize,TEXT,
Ex Libris,07/17/2013,Ex Libris,07/17/2013,,jp2.imageAndTileSizeSSize,TEXT,
Ex Libris,07/17/2013,Ex Libris,07/17/2013,,jp2.imageAndTileSizeXOSize,TEXT,
Ex Libris,07/17/2013,Ex Libris,07/17/2013,,jp2.imageAndTileSizeXRSize,TEXT,
Ex Libris,07/17/2013,Ex Libris,07/17/2013,,jp2.imageAndTileSizeXSize,TEXT,
Ex Libris,07/17/2013,Ex Libris,07/17/2013,,jp2.imageAndTileSizeXTOSize,TEXT,
Ex Libris,07/17/2013,Ex Libris,07/17/2013,,jp2.imageAndTileSizeXTSize,TEXT,
Ex Libris,07/17/2013,Ex Libris,07/17/2013,,jp2.imageAndTileSizeYOSize,TEXT,
Ex Libris,07/17/2013,Ex Libris,07/17/2013,,jp2.imageAndTileSizeYRSize,TEXT,
Ex Libris,07/17/2013,Ex Libris,07/17/2013,,jp2.imageAndTileSizeYSize,TEXT,
Ex Libris,07/17/2013,Ex Libris,07/17/2013,,jp2.imageAndTileSizeYTOSize,TEXT,
Ex Libris,07/17/2013,Ex Libris,07/17/2013,,jp2.imageAndTileSizeYTSize,TEXT,
Ex Libris,07/17/2013,Ex Libris,07/17/2013,,jp2.multipleComponentTransformation,TEXT,
Ex Libris,07/17/2013,Ex Libris,07/17/2013,,jp2.noOfLayers,TEXT,
Ex Libris,07/17/2013,Ex Libris,07/17/2013,,jp2.numberDecompositionLevels,NUMBER,
Ex Libris,07/17/2013,Ex Libris,07/17/2013,,jp2.progressionOrder,TEXT,
Ex Libris,07/17/2013,Ex Libris,07/17/2013,,jp2.quantisationDefaultStepValue,TEXT,
Ex Libris,07/17/2013,Ex Libris,07/17/2013,,jp2.quantisationStyle,TEXT,
Ex Libris,07/17/2013,Ex Libris,07/17/2013,,jp2.restrictedICCProfile,TEXT,
Ex Libris,07/17/2013,Ex Libris,07/17/2013,,jp2.tilesIndex,TEXT,
Ex Libris,07/17/2013,Ex Libris,07/17/2013,,jp2.tilesLength,NUMBER,
Ex Libris,07/17/2013,Ex Libris,07/17/2013,,jp2.transformation,TEXT,
Ex Libris,07/17/2013,Ex Libris,07/17/2013,,jp2.vertResolutionDenominator,TEXT,
Ex Libris,07/17/2013,Ex Libris,07/17/2013,,jp2.vertResolutionExponent,TEXT,
Ex Libris,07/17/2013,Ex Libris,07/17/2013,,jp2.vertResolutionNumerator,NUMBER,
Peter McKinney,07/28/2016,Peter McKinney,07/28/2016,,mediainfo.track.Audio.Bit_depth,TEXT,
Peter McKinney,07/28/2016,Peter McKinney,07/28/2016,,mediainfo.track.Audio.Bit_rate,TEXT,
Peter McKinney,07/28/2016,Peter McKinney,07/28/2016,,mediainfo.track.Audio.Bit_rate_mode,TEXT,
Peter McKinney,07/28/2016,Peter McKinney,07/28/2016,,mediainfo.track.Audio.Channel_s_,TEXT,
Peter McKinney,07/28/2016,Peter McKinney,07/28/2016,,mediainfo.track.Audio.Duration,TEXT,
Peter McKinney,07/28/2016,Peter McKinney,07/28/2016,,mediainfo.track.Audio.Format,TEXT,
Peter McKinney,07/28/2016,Peter McKinney,07/28/2016,,mediainfo.track.Audio.Format_Settings_Wrapping,TEXT,
Peter McKinney,07/28/2016,Peter McKinney,07/28/2016,,mediainfo.track.Audio.Frame_rate,TEXT,
Peter McKinney,07/28/2016,Peter McKinney,07/28/2016,,mediainfo.track.Audio.ID,TEXT,
Peter McKinney,07/28/2016,Peter McKinney,07/28/2016,,mediainfo.track.Audio.Sampling_rate,TEXT,
Peter McKinney,07/28/2016,Peter McKinney,07/28/2016,,mediainfo.track.Audio.Stream_size,TEXT,
Peter McKinney,07/28/2016,Peter McKinney,07/28/2016,,mediainfo.track.Audio.Title,TEXT,
Peter McKinney,07/28/2016,Peter McKinney,07/28/2016,,mediainfo.track.General.Complete_name,TEXT,
Peter McKinney,07/28/2016,Peter McKinney,07/28/2016,,mediainfo.track.General.Duration,TEXT,
Peter McKinney,07/28/2016,Peter McKinney,07/28/2016,,mediainfo.track.General.Encoded_date,TEXT,
Peter McKinney,07/28/2016,Peter McKinney,07/28/2016,,mediainfo.track.General.File_size,TEXT,
Peter McKinney,07/28/2016,Peter McKinney,07/28/2016,,mediainfo.track.General.Format,TEXT,
Peter McKinney,07/28/2016,Peter McKinney,07/28/2016,,mediainfo.track.General.Format_profile,TEXT,
Peter McKinney,07/28/2016,Peter McKinney,07/28/2016,,mediainfo.track.General.Overall_bit_rate,TEXT,
Peter McKinney,07/28/2016,Peter McKinney,07/28/2016,,mediainfo.track.General.Writing_application,TEXT,
Peter McKinney,07/28/2016,Peter McKinney,07/28/2016,,mediainfo.track.General.Writing_library,TEXT,
Peter McKinney,07/28/2016,Peter McKinney,07/28/2016,,mediainfo.track.Video.Bit_depth,TEXT,
Peter McKinney,07/28/2016,Peter McKinney,07/28/2016,,mediainfo.track.Video.Bit_rate,TEXT,
Peter McKinney,07/28/2016,Peter McKinney,07/28/2016,,mediainfo.track.Video.Bits__Pixel_Frame_,TEXT,
Peter McKinney,07/28/2016,Peter McKinney,07/28/2016,,mediainfo.track.Video.Chroma_subsampling,TEXT,
Peter McKinney,07/28/2016,Peter McKinney,07/28/2016,,mediainfo.track.Video.Color_space,TEXT,
Peter McKinney,07/28/2016,Peter McKinney,07/28/2016,,mediainfo.track.Video.Compression_mode,TEXT,
Peter McKinney,07/28/2016,Peter McKinney,07/28/2016,,mediainfo.track.Video.Display_aspect_ratio,TEXT,
Peter McKinney,07/28/2016,Peter McKinney,07/28/2016,,mediainfo.track.Video.Duration,TEXT,
Peter McKinney,07/28/2016,Peter McKinney,07/28/2016,,mediainfo.track.Video.Format,TEXT,
Peter McKinney,07/28/2016,Peter McKinney,07/28/2016,,mediainfo.track.Video.Format_Settings_Wrapping,TEXT,
Peter McKinney,07/28/2016,Peter McKinney,07/28/2016,,mediainfo.track.Video.Frame_rate,TEXT,
Peter McKinney,07/28/2016,Peter McKinney,07/28/2016,,mediainfo.track.Video.Height,TEXT,
Peter McKinney,07/28/2016,Peter McKinney,07/28/2016,,mediainfo.track.Video.ID,TEXT,
Peter McKinney,07/28/2016,Peter McKinney,07/28/2016,,mediainfo.track.Video.Scan_type,TEXT,
Peter McKinney,07/28/2016,Peter McKinney,07/28/2016,,mediainfo.track.Video.Standard,TEXT,
Peter McKinney,07/28/2016,Peter McKinney,07/28/2016,,mediainfo.track.Video.Stream_size,TEXT,
Peter McKinney,07/28/2016,Peter McKinney,07/28/2016,,mediainfo.track.Video.Title,TEXT,
Peter McKinney,07/28/2016,Peter McKinney,07/28/2016,,mediainfo.track.Video.Width,TEXT,
Ex Libris,07/17/2013,Ex Libris,07/17/2013,,mix.compressionScheme,TEXT,
Ex Libris,07/17/2013,Ex Libris,07/17/2013,,mix.imageHeight,NUMBER,
Ex Libris,07/17/2013,Ex Libris,07/17/2013,,mix.imageWidth,NUMBER,
Ex Libris,07/17/2013,Ex Libris,07/17/2013,,mp3.headerVersion,TEXT,
Ex Libris,07/17/2013,Ex Libris,07/17/2013,,mp3.modeExtension,TEXT,
Ex Libris,07/17/2013,Ex Libris,07/17/2013,,ms.author,TEXT,
Ex Libris,07/17/2013,Ex Libris,07/17/2013,,ms.comments,TEXT,
Ex Libris,07/17/2013,Ex Libris,07/17/2013,,ms.creatingApplicationName,TEXT,
Ex Libris,07/17/2013,Ex Libris,07/17/2013,,ms.creationDate,TEXT,
Ex Libris,07/17/2013,Ex Libris,07/17/2013,,ms.DOPoffset,TEXT,
Ex Libris,07/17/2013,Ex Libris,07/17/2013,,ms.FIBNumber,TEXT,
Ex Libris,07/17/2013,Ex Libris,07/17/2013,,ms.hasPictures,TEXT,
Ex Libris,07/17/2013,Ex Libris,07/17/2013,,ms.isComplex,TEXT,
Ex Libris,07/17/2013,Ex Libris,07/17/2013,,ms.isEncrypted,TEXT,
Ex Libris,07/17/2013,Ex Libris,07/17/2013,,ms.isGlossary,TEXT,
Ex Libris,07/17/2013,Ex Libris,07/17/2013,,ms.isTemplate,TEXT,
Ex Libris,07/17/2013,Ex Libris,07/17/2013,,ms.keywords,TEXT,
Ex Libris,07/17/2013,Ex Libris,07/17/2013,,ms.language,TEXT,
Ex Libris,07/17/2013,Ex Libris,07/17/2013,,ms.languageID,TEXT,
Ex Libris,07/17/2013,Ex Libris,07/17/2013,,ms.lastReviewedBy,TEXT,
Ex Libris,07/17/2013,Ex Libris,07/17/2013,,ms.magicNumber,TEXT,
Ex Libris,07/17/2013,Ex Libris,07/17/2013,,ms.modifiedDate,TEXT,
Ex Libris,07/17/2013,Ex Libris,07/17/2013,,ms.OS,TEXT,
Ex Libris,07/17/2013,Ex Libris,07/17/2013,,ms.printed,TEXT,
Ex Libris,07/17/2013,Ex Libris,07/17/2013,,ms.productVersion,TEXT,
Ex Libris,07/17/2013,Ex Libris,07/17/2013,,ms.revisionCount,NUMBER,
Ex Libris,07/17/2013,Ex Libris,07/17/2013,,ms.subject,TEXT,
Ex Libris,07/17/2013,Ex Libris,07/17/2013,,ms.template,TEXT,
Ex Libris,07/17/2013,Ex Libris,07/17/2013,,ms.title,TEXT,
Ex Libris,07/17/2013,Ex Libris,07/17/2013,,ms.version,TEXT,
Ex Libris,07/17/2013,Ex Libris,07/17/2013,,nisoImage.autoFocus,TEXT,
Ex Libris,07/17/2013,Ex Libris,07/17/2013,,nisoImage.backLight,TEXT,
Ex Libris,07/17/2013,Ex Libris,07/17/2013,,nisoImage.bitsPerSample,TEXT,
Ex Libris,07/17/2013,Ex Libris,07/17/2013,,nisoImage.brightness,TEXT,
Ex Libris,07/17/2013,Ex Libris,07/17/2013,,nisoImage.byteOrder,TEXT,
Ex Libris,07/17/2013,Ex Libris,07/17/2013,,nisoImage.checksumMethod,TEXT,
Ex Libris,07/17/2013,Ex Libris,07/17/2013,,nisoImage.checksumValue,TEXT,
Ex Libris,07/17/2013,Ex Libris,07/17/2013,,nisoImage.class,TEXT,
Ex Libris,07/17/2013,Ex Libris,07/17/2013,,nisoImage.colourmapBitCodeValue,TEXT,
Ex Libris,07/17/2013,Ex Libris,07/17/2013,,nisoImage.colourmapBlueValue,TEXT,
Ex Libris,07/17/2013,Ex Libris,07/17/2013,,nisoImage.colourmapGreenValue,TEXT,
Ex Libris,07/17/2013,Ex Libris,07/17/2013,,nisoImage.colourmapRedValue,TEXT,
Ex Libris,07/17/2013,Ex Libris,07/17/2013,,nisoImage.colourmapReference,TEXT,
Ex Libris,07/17/2013,Ex Libris,07/17/2013,,nisoImage.colourSpace,TEXT,
Ex Libris,07/17/2013,Ex Libris,07/17/2013,,nisoImage.colourTemp,TEXT,
Ex Libris,07/17/2013,Ex Libris,07/17/2013,,nisoImage.compressionLevel,TEXT,
Ex Libris,07/17/2013,Ex Libris,07/17/2013,,nisoImage.compressionScheme,TEXT,
Ex Libris,07/17/2013,Ex Libris,07/17/2013,,nisoImage.dateTimeCreated,DATE,
Ex Libris,07/17/2013,Ex Libris,07/17/2013,,nisoImage.dateTimeProcessed,DATE,
Ex Libris,07/17/2013,Ex Libris,07/17/2013,,nisoImage.deviceSource,TEXT,
Ex Libris,07/17/2013,Ex Libris,07/17/2013,,nisoImage.digitalCameraManufacture,TEXT,
Ex Libris,07/17/2013,Ex Libris,07/17/2013,,nisoImage.digitalCameraManufacturer,TEXT,
Ex Libris,07/17/2013,Ex Libris,07/17/2013,,nisoImage.digitalCameraModel,TEXT,
Ex Libris,07/17/2013,Ex Libris,07/17/2013,,nisoImage.displayOrientation,TEXT,
Ex Libris,07/17/2013,Ex Libris,07/17/2013,,nisoImage.exposureBias,TEXT,
Ex Libris,07/17/2013,Ex Libris,07/17/2013,,nisoImage.exposureIndex,TEXT,
Ex Libris,07/17/2013,Ex Libris,07/17/2013,,nisoImage.exposureTime,TEXT,
Ex Libris,07/17/2013,Ex Libris,07/17/2013,,nisoImage.extraSamples,TEXT,
Ex Libris,07/17/2013,Ex Libris,07/17/2013,,nisoImage.fileSize,TEXT,
Ex Libris,07/17/2013,Ex Libris,07/17/2013,,nisoImage.flash,TEXT,
Ex Libris,07/17/2013,Ex Libris,07/17/2013,,nisoImage.flashEnergy,TEXT,
Ex Libris,07/17/2013,Ex Libris,07/17/2013,,nisoImage.flashReturn,TEXT,
Ex Libris,07/17/2013,Ex Libris,07/17/2013,,nisoImage.fNumber,NUMBER,
Ex Libris,07/17/2013,Ex Libris,07/17/2013,,nisoImage.focalLength,NUMBER,
Ex Libris,07/17/2013,Ex Libris,07/17/2013,,nisoImage.grayResponseCurve,TEXT,
Ex Libris,07/17/2013,Ex Libris,07/17/2013,,nisoImage.grayResponseUnit,TEXT,
Ex Libris,07/17/2013,Ex Libris,07/17/2013,,nisoImage.hostComputer,TEXT,
Ex Libris,07/17/2013,Ex Libris,07/17/2013,,nisoImage.imageData,TEXT,
Ex Libris,07/17/2013,Ex Libris,07/17/2013,,nisoImage.imageIdentifier,TEXT,
Ex Libris,07/17/2013,Ex Libris,07/17/2013,,nisoImage.imageIdentifierLocation,TEXT,
Ex Libris,07/17/2013,Ex Libris,07/17/2013,,nisoImage.imageLength,NUMBER,
Ex Libris,07/17/2013,Ex Libris,07/17/2013,,nisoImage.imageProducer,TEXT,
Ex Libris,07/17/2013,Ex Libris,07/17/2013,,nisoImage.imageWidth,NUMBER,
Ex Libris,07/17/2013,Ex Libris,07/17/2013,,nisoImage.meteringMode,TEXT,
Ex Libris,07/17/2013,Ex Libris,07/17/2013,,nisoImage.methodology,TEXT,
Ex Libris,07/17/2013,Ex Libris,07/17/2013,,nisoImage.mimeType,TEXT,
Ex Libris,07/17/2013,Ex Libris,07/17/2013,,nisoImage.orientation,TEXT,
Ex Libris,07/17/2013,Ex Libris,07/17/2013,,nisoImage.OS,TEXT,
Ex Libris,07/17/2013,Ex Libris,07/17/2013,,nisoImage.OSVersion,TEXT,
Ex Libris,07/17/2013,Ex Libris,07/17/2013,,nisoImage.performanceData,TEXT,
Ex Libris,07/17/2013,Ex Libris,07/17/2013,,nisoImage.pixelSize,TEXT,
Ex Libris,07/17/2013,Ex Libris,07/17/2013,,nisoImage.planarConfiguration,TEXT,
Ex Libris,07/17/2013,Ex Libris,07/17/2013,,nisoImage.preferredPresentation,TEXT,
Ex Libris,07/17/2013,Ex Libris,07/17/2013,,nisoImage.primaryChromaticitiesBlueX,TEXT,
Ex Libris,07/17/2013,Ex Libris,07/17/2013,,nisoImage.primaryChromaticitiesBlueY,TEXT,
Ex Libris,07/17/2013,Ex Libris,07/17/2013,,nisoImage.primaryChromaticitiesGreenX,TEXT,
Ex Libris,07/17/2013,Ex Libris,07/17/2013,,nisoImage.primaryChromaticitiesGreenY,TEXT,
Ex Libris,07/17/2013,Ex Libris,07/17/2013,,nisoImage.primaryChromaticitiesRedX,TEXT,
Ex Libris,07/17/2013,Ex Libris,07/17/2013,,nisoImage.primaryChromaticitiesRedY,TEXT,
Ex Libris,07/17/2013,Ex Libris,07/17/2013,,nisoImage.processingActions,TEXT,
Ex Libris,07/17/2013,Ex Libris,07/17/2013,,nisoImage.processingAgency,TEXT,
Ex Libris,07/17/2013,Ex Libris,07/17/2013,,nisoImage.processingSoftwareName,TEXT,
Ex Libris,07/17/2013,Ex Libris,07/17/2013,,nisoImage.processingSoftwareVersion,TEXT,
Ex Libris,07/17/2013,Ex Libris,07/17/2013,,nisoImage.profileName,TEXT,
Ex Libris,07/17/2013,Ex Libris,07/17/2013,,nisoImage.profiles,TEXT,
Ex Libris,07/17/2013,Ex Libris,07/17/2013,,nisoImage.profileURL,TEXT,
Ex Libris,07/17/2013,Ex Libris,07/17/2013,,nisoImage.referenceBlackWhite,TEXT,
Ex Libris,07/17/2013,Ex Libris,07/17/2013,,nisoImage.rowsPerStrip,TEXT,
Ex Libris,07/17/2013,Ex Libris,07/17/2013,,nisoImage.samplesPerPixel,TEXT,
Ex Libris,07/17/2013,Ex Libris,07/17/2013,,nisoImage.samplingFrequencyPlane,TEXT,
Ex Libris,07/17/2013,Ex Libris,07/17/2013,,nisoImage.samplingFrequencyUnit,TEXT,
Ex Libris,07/17/2013,Ex Libris,07/17/2013,,nisoImage.scannerManufacturer,TEXT,
Ex Libris,07/17/2013,Ex Libris,07/17/2013,,nisoImage.scannerModelName,TEXT,
Ex Libris,07/17/2013,Ex Libris,07/17/2013,,nisoImage.scannerModelNumber,NUMBER,
Ex Libris,07/17/2013,Ex Libris,07/17/2013,,nisoImage.scannerModelSerialNo,TEXT,
Ex Libris,07/17/2013,Ex Libris,07/17/2013,,nisoImage.scanningSoftware,TEXT,
Ex Libris,07/17/2013,Ex Libris,07/17/2013,,nisoImage.scanningSoftwareVersionNo,TEXT,
Ex Libris,07/17/2013,Ex Libris,07/17/2013,,nisoImage.sceneIlluminant,TEXT,
Ex Libris,07/17/2013,Ex Libris,07/17/2013,,nisoImage.segmentType,TEXT,
Ex Libris,07/17/2013,Ex Libris,07/17/2013,,nisoImage.sensor,TEXT,
Ex Libris,07/17/2013,Ex Libris,07/17/2013,,nisoImage.sourceData,TEXT,
Ex Libris,07/17/2013,Ex Libris,07/17/2013,,nisoImage.sourceID,TEXT,
Ex Libris,07/17/2013,Ex Libris,07/17/2013,,nisoImage.sourceType,TEXT,
Ex Libris,07/17/2013,Ex Libris,07/17/2013,,nisoImage.sourceXDimension,TEXT,
Ex Libris,07/17/2013,Ex Libris,07/17/2013,,nisoImage.sourceXDimensionUnit,TEXT,
Ex Libris,07/17/2013,Ex Libris,07/17/2013,,nisoImage.sourceYDimension,TEXT,
Ex Libris,07/17/2013,Ex Libris,07/17/2013,,nisoImage.sourceYDimensionUnit,TEXT,
Ex Libris,07/17/2013,Ex Libris,07/17/2013,,nisoImage.stripByteCounts,TEXT,
Ex Libris,07/17/2013,Ex Libris,07/17/2013,,nisoImage.stripOffsets,TEXT,
Ex Libris,07/17/2013,Ex Libris,07/17/2013,,nisoImage.subjectDistance,TEXT,
Ex Libris,07/17/2013,Ex Libris,07/17/2013,,nisoImage.targetIDManufacturer,TEXT,
Ex Libris,07/17/2013,Ex Libris,07/17/2013,,nisoImage.targetIDMedia,TEXT,
Ex Libris,07/17/2013,Ex Libris,07/17/2013,,nisoImage.targetIDName,TEXT,
Ex Libris,07/17/2013,Ex Libris,07/17/2013,,nisoImage.targetIDNo,TEXT,
Ex Libris,07/17/2013,Ex Libris,07/17/2013,,nisoImage.targetType,TEXT,
Ex Libris,07/17/2013,Ex Libris,07/17/2013,,nisoImage.tileByteCounts,NUMBER,
Ex Libris,07/17/2013,Ex Libris,07/17/2013,,nisoImage.tileLength,NUMBER,
Ex Libris,07/17/2013,Ex Libris,07/17/2013,,nisoImage.tileOffsets,TEXT,
Ex Libris,07/17/2013,Ex Libris,07/17/2013,,nisoImage.tileWidth,NUMBER,
Ex Libris,07/17/2013,Ex Libris,07/17/2013,,nisoImage.viewerData,TEXT,
Ex Libris,07/17/2013,Ex Libris,07/17/2013,,nisoImage.whitePointXValue,TEXT,
Ex Libris,07/17/2013,Ex Libris,07/17/2013,,nisoImage.whitePointYValue,TEXT,
Ex Libris,07/17/2013,Ex Libris,07/17/2013,,nisoImage.xPhysScanResolution,TEXT,
Ex Libris,07/17/2013,Ex Libris,07/17/2013,,nisoImage.xPrintAspectRatio,TEXT,
Ex Libris,07/17/2013,Ex Libris,07/17/2013,,nisoImage.xSamplingFrequency,TEXT,
Ex Libris,07/17/2013,Ex Libris,07/17/2013,,nisoImage.xTargetedDisplayAR,TEXT,
Ex Libris,07/17/2013,Ex Libris,07/17/2013,,nisoImage.yCbCrCoeffiecients,TEXT,
Ex Libris,07/17/2013,Ex Libris,07/17/2013,,nisoImage.yCbCrPositioning,TEXT,
Ex Libris,07/17/2013,Ex Libris,07/17/2013,,nisoImage.yCbCrSubSampling,TEXT,
Ex Libris,07/17/2013,Ex Libris,07/17/2013,,nisoImage.yPhysScanResolution,TEXT,
Ex Libris,07/17/2013,Ex Libris,07/17/2013,,nisoImage.yPrintAspectRatio,TEXT,
Ex Libris,07/17/2013,Ex Libris,07/17/2013,,nisoImage.ySamplingFrequency,TEXT,
Ex Libris,07/17/2013,Ex Libris,07/17/2013,,nisoImage.yTargetedDisplayAR,TEXT,
Ex Libris,07/17/2013,Ex Libris,07/17/2013,,object.abstract,TEXT,
Ex Libris,07/17/2013,Ex Libris,07/17/2013,,object.author,TEXT,
Ex Libris,07/17/2013,Ex Libris,07/17/2013,,object.creatingApplication,TEXT,
Ex Libris,07/17/2013,Ex Libris,07/17/2013,,object.creationDate,DATE,
Ex Libris,07/17/2013,Ex Libris,07/17/2013,,object.creator,TEXT,
Ex Libris,07/17/2013,Ex Libris,07/17/2013,,object.description,TEXT,
Ex Libris,07/17/2013,Ex Libris,07/17/2013,,object.imageCount,NUMBER,
Ex Libris,07/17/2013,Ex Libris,07/17/2013,,object.keywords,TEXT,
Ex Libris,07/17/2013,Ex Libris,07/17/2013,,object.language,TEXT,
Ex Libris,07/17/2013,Ex Libris,07/17/2013,,object.modifiedDate,DATE,
Ex Libris,07/17/2013,Ex Libris,07/17/2013,,object.numberOfPages,NUMBER,
Ex Libris,07/17/2013,Ex Libris,07/17/2013,,object.objectCount,NUMBER,
Ex Libris,07/17/2013,Ex Libris,07/17/2013,,object.pageCount,NUMBER,
Ex Libris,07/17/2013,Ex Libris,07/17/2013,,object.paragraphCount,NUMBER,
Ex Libris,07/17/2013,Ex Libris,07/17/2013,,object.subject,TEXT,
Ex Libris,07/17/2013,Ex Libris,07/17/2013,,object.tableCount,NUMBER,
Ex Libris,07/17/2013,Ex Libris,07/17/2013,,object.title,TEXT,
Ex Libris,07/17/2013,Ex Libris,07/17/2013,,object.typist,TEXT,
Ex Libris,07/17/2013,Ex Libris,07/17/2013,,object.wordCount,NUMBER,
Ex Libris,07/17/2013,Ex Libris,07/17/2013,,openOffice.editingCycles,TEXT,
Ex Libris,07/17/2013,Ex Libris,07/17/2013,,openOffice.editingDuration,TEXT,
Ex Libris,07/17/2013,Ex Libris,07/17/2013,,openOffice.meta,TEXT,
Ex Libris,07/17/2013,Ex Libris,07/17/2013,,openOffice.printDate,DATE,
Ex Libris,07/17/2013,Ex Libris,07/17/2013,,openOffice.printedBy,TEXT,
Ex Libris,07/17/2013,Ex Libris,07/17/2013,,pdf.creationDate,TEXT,
Ex Libris,07/17/2013,Ex Libris,07/17/2013,,pdf.documentcatalogPagelayout,TEXT,
Ex Libris,07/17/2013,Ex Libris,07/17/2013,,pdf.documentcatalogPagemode,TEXT,
Ex Libris,07/17/2013,Ex Libris,07/17/2013,,pdf.eFF,TEXT,
Ex Libris,07/17/2013,Ex Libris,07/17/2013,,pdf.encryption.algorithm,TEXT,
Ex Libris,07/17/2013,Ex Libris,07/17/2013,,pdf.filterPipeline,TEXT,
Ex Libris,07/17/2013,Ex Libris,07/17/2013,,pdf.freeObjects,TEXT,
Ex Libris,07/17/2013,Ex Libris,07/17/2013,,pdf.ID,TEXT,
Ex Libris,07/17/2013,Ex Libris,07/17/2013,,pdf.incrementalUpdates,TEXT,
Ex Libris,07/17/2013,Ex Libris,07/17/2013,,pdf.keyLength,NUMBER,
Ex Libris,07/17/2013,Ex Libris,07/17/2013,,pdf.keywords,TEXT,
Ex Libris,07/17/2013,Ex Libris,07/17/2013,,pdf.modifiedDate,TEXT,
Ex Libris,07/17/2013,Ex Libris,07/17/2013,,pdf.objectsCount,NUMBER,
Ex Libris,07/17/2013,Ex Libris,07/17/2013,,pdf.originalFormatCreatingApplication,TEXT,
Ex Libris,07/17/2013,Ex Libris,07/17/2013,,pdf.profiles,TEXT,
Ex Libris,07/17/2013,Ex Libris,07/17/2013,,pdf.securityHandler,TEXT,
Ex Libris,07/17/2013,Ex Libris,07/17/2013,,pdf.standardSecurityHandlerOwnerString,TEXT,
Ex Libris,07/17/2013,Ex Libris,07/17/2013,,pdf.standardSecurityHandlerRevision,TEXT,
Ex Libris,07/17/2013,Ex Libris,07/17/2013,,pdf.standardSecurityHandlerUserAccess,TEXT,
Ex Libris,07/17/2013,Ex Libris,07/17/2013,,pdf.standardSecurityHandlerUserString,TEXT,
Ex Libris,07/17/2013,Ex Libris,07/17/2013,,pdf.subject,TEXT,
Ex Libris,07/17/2013,Ex Libris,07/17/2013,,pdf.XMP,TEXT,
Peter McKinney,08/08/2013,Peter McKinney,08/08/2013,,peteTiff,TEXT,
Ex Libris,07/17/2013,Ex Libris,07/17/2013,,text.bindingWidth,NUMBER,
Ex Libris,07/17/2013,Ex Libris,07/17/2013,,text.bottomMargin,TEXT,
Ex Libris,07/17/2013,Ex Libris,07/17/2013,,text.charactersCount,NUMBER,
Ex Libris,07/17/2013,Ex Libris,07/17/2013,,text.controlCharacters,TEXT,
Ex Libris,07/17/2013,Ex Libris,07/17/2013,,text.displayPitch,TEXT,
Ex Libris,07/17/2013,Ex Libris,07/17/2013,,text.documentDisplayDoNotDisplayCodes,TEXT,
Ex Libris,07/17/2013,Ex Libris,07/17/2013,,text.documentDisplayManualPitch,TEXT,
Ex Libris,07/17/2013,Ex Libris,07/17/2013,,text.documentDisplayPitchAuto,TEXT,
Ex Libris,07/17/2013,Ex Libris,07/17/2013,,text.documentDisplayRequiresFormatting,TEXT,
Ex Libris,07/17/2013,Ex Libris,07/17/2013,,text.documentDisplayRequiresRegenerating,TEXT,
Ex Libris,07/17/2013,Ex Libris,07/17/2013,,text.documentDisplayRequiresUpdateLinks,TEXT,
Ex Libris,07/17/2013,Ex Libris,07/17/2013,,text.documentGraphicsQuality,TEXT,
Ex Libris,07/17/2013,Ex Libris,07/17/2013,,text.documentPrintQuality,TEXT,
Ex Libris,07/17/2013,Ex Libris,07/17/2013,,text.encoding,TEXT,
Ex Libris,07/17/2013,Ex Libris,07/17/2013,,text.encrypted,TEXT,
Ex Libris,07/17/2013,Ex Libris,07/17/2013,,text.fileSubType,TEXT,
Ex Libris,07/17/2013,Ex Libris,07/17/2013,,text.fileType,TEXT,
Ex Libris,07/17/2013,Ex Libris,07/17/2013,,text.formatSubVersion,TEXT,
Ex Libris,07/17/2013,Ex Libris,07/17/2013,,text.formatVersion,TEXT,
Ex Libris,07/17/2013,Ex Libris,07/17/2013,,text.imageCount,NUMBER,
Ex Libris,07/17/2013,Ex Libris,07/17/2013,,text.lastEditor,TEXT,
Ex Libris,07/17/2013,Ex Libris,07/17/2013,,text.lineEndings,TEXT,
Ex Libris,07/17/2013,Ex Libris,07/17/2013,,text.printerDay,TEXT,
Ex Libris,07/17/2013,Ex Libris,07/17/2013,,text.printerFilename,TEXT,
Ex Libris,07/17/2013,Ex Libris,07/17/2013,,text.printerFlagsHzoneDisabled,TEXT,
Ex Libris,07/17/2013,Ex Libris,07/17/2013,,text.printerFlagsInitialise,TEXT,
Ex Libris,07/17/2013,Ex Libris,07/17/2013,,text.printerFlagsOrientation,TEXT,
Ex Libris,07/17/2013,Ex Libris,07/17/2013,,text.printerFlagsSelected,TEXT,
Ex Libris,07/17/2013,Ex Libris,07/17/2013,,text.printerLeftMargin,TEXT,
Ex Libris,07/17/2013,Ex Libris,07/17/2013,,text.printerMinutes,TEXT,
Ex Libris,07/17/2013,Ex Libris,07/17/2013,,text.printerMonth,TEXT,
Ex Libris,07/17/2013,Ex Libris,07/17/2013,,text.printerName,TEXT,
Ex Libris,07/17/2013,Ex Libris,07/17/2013,,text.printerRightMargin,TEXT,
Ex Libris,07/17/2013,Ex Libris,07/17/2013,,text.printerSeconds,TEXT,
Ex Libris,07/17/2013,Ex Libris,07/17/2013,,text.printerSelect,TEXT,
Ex Libris,07/17/2013,Ex Libris,07/17/2013,,text.printerTopMargin,TEXT,
Ex Libris,07/17/2013,Ex Libris,07/17/2013,,text.printerYear,TEXT,
Ex Libris,07/17/2013,Ex Libris,07/17/2013,,text.redlineChar,TEXT,
Ex Libris,07/17/2013,Ex Libris,07/17/2013,,text.resolution,TEXT,
Ex Libris,07/17/2013,Ex Libris,07/17/2013,,text.summaryAccount,NUMBER,
Ex Libris,07/17/2013,Ex Libris,07/17/2013,,text.summaryCreatedISO,TEXT,
Ex Libris,07/17/2013,Ex Libris,07/17/2013,,text.summaryType,TEXT,
Ex Libris,07/17/2013,Ex Libris,07/17/2013,,text.unicodeBlocks,TEXT,
Ex Libris,07/17/2013,Ex Libris,07/17/2013,,text.width,NUMBER,
Ex Libris,07/17/2013,Ex Libris,07/17/2013,,text.wordCount,NUMBER,
Ex Libris,07/17/2013,Ex Libris,07/17/2013,,video.activeFormatDescriptor,TEXT,
Ex Libris,07/17/2013,Ex Libris,07/17/2013,,video.aspectRatio,TEXT,
Ex Libris,07/17/2013,Ex Libris,07/17/2013,,video.audioChannelCount,TEXT,
Ex Libris,07/17/2013,Ex Libris,07/17/2013,,video.audioQuantizationBits,TEXT,
Ex Libris,07/17/2013,Ex Libris,07/17/2013,,video.audioSamplingrate,TEXT,
Peter McKinney,15/12/2017,Peter McKinney,15/12/2017,,video.bit_depth,TEXT,
Peter McKinney,15/12/2017,Jan Hutar,25/03/2021,,video.bit_rate,NUMBER,
Peter McKinney,15/12/2017,Jan Hutar,28/08/2019,,video.bits__Pixel_Frame_,TEXT,
Peter McKinney,15/12/2017,Peter McKinney,15/12/2017,,video.chroma_subsampling,TEXT,
Peter McKinney,15/12/2017,Peter McKinney,15/12/2017,,video.codec_ID,TEXT,
Peter McKinney,15/12/2017,Peter McKinney,15/12/2017,,video.color_space,TEXT,
Ex Libris,07/17/2013,Ex Libris,07/17/2013,,video.componentDepth,TEXT,
Peter McKinney,15/12/2017,Peter McKinney,15/12/2017,,video.compression_mode,TEXT,
Peter McKinney,15/12/2017,Jan Hutar,25/03/2021,,video.display_aspect_ratio,NUMBER,
Ex Libris,07/17/2013,Ex Libris,07/17/2013,,video.displayHeight,TEXT,
Ex Libris,07/17/2013,Ex Libris,07/17/2013,,video.displayWidth,TEXT,
Ex Libris,07/17/2013,Ex Libris,07/17/2013,,video.displayXOffset,TEXT,
Ex Libris,07/17/2013,Ex Libris,07/17/2013,,video.displayYOffset,TEXT,
Ex Libris,07/17/2013,Jan Hutar,25/03/2021,,video.duration,NUMBER,
Ex Libris,07/17/2013,Ex Libris,07/17/2013,,video.editRate,TEXT,
Ex Libris,07/17/2013,Ex Libris,07/17/2013,,video.essenceContainers,TEXT,
Peter McKinney,15/12/2017,Peter McKinney,15/12/2017,,video.format,TEXT,
Peter McKinney,15/12/2017,Peter McKinney,15/12/2017,,video.format_profile,TEXT,
Peter McKinney,15/12/2017,Peter McKinney,15/12/2017,,video.format_Settings_Wrapping,TEXT,
Peter McKinney,15/12/2017,Peter McKinney,15/12/2017,,video.format_version,TEXT,
Peter McKinney,15/12/2017,Peter McKinney,15/12/2017,,video.frame_rate,TEXT,
Ex Libris,07/17/2013,Ex Libris,07/17/2013,,video.frameLayout,TEXT,
Ex Libris,07/17/2013,Ex Libris,07/17/2013,,video.frameLayoutName,TEXT,
Peter McKinney,15/12/2017,Peter McKinney,15/12/2017,,video.height,TEXT,
Ex Libris,07/17/2013,Ex Libris,07/17/2013,,video.horizontalSubSampling,TEXT,
Peter McKinney,15/12/2017,Peter McKinney,15/12/2017,,video.ID,TEXT,
Ex Libris,07/17/2013,Ex Libris,07/17/2013,,video.operationalPattern,TEXT,
Ex Libris,07/17/2013,Ex Libris,07/17/2013,,video.partitionPack,TEXT,
Ex Libris,07/17/2013,Ex Libris,07/17/2013,,video.pictureEssenceCoding,TEXT,
Ex Libris,07/17/2013,Ex Libris,07/17/2013,,video.sampledHeight,TEXT,
Ex Libris,07/17/2013,Ex Libris,07/17/2013,,video.sampledWidth,TEXT,
Ex Libris,07/17/2013,Ex Libris,07/17/2013,,video.sampledXOffset,TEXT,
Ex Libris,07/17/2013,Ex Libris,07/17/2013,,video.sampledYOffset,TEXT,
Peter McKinney,15/12/2017,Peter McKinney,15/12/2017,,video.scan_type,TEXT,
Ex Libris,07/17/2013,Ex Libris,07/17/2013,,video.soundEssenceCoding,TEXT,
Peter McKinney,15/12/2017,Peter McKinney,15/12/2017,,video.standard,TEXT,
Ex Libris,07/17/2013,Ex Libris,07/17/2013,,video.storedHeight,TEXT,
Ex Libris,07/17/2013,Ex Libris,07/17/2013,,video.storedWidth,TEXT,
Peter McKinney,15/12/2017,Peter McKinney,15/12/2017,,video.stream_size,TEXT,
Peter McKinney,15/12/2017,Peter McKinney,15/12/2017,,video.title,TEXT,
Ex Libris,07/17/2013,Ex Libris,07/17/2013,,video.verticalSubSampling,TEXT,
Ex Libris,07/17/2013,Ex Libris,07/17/2013,,video.videoActiveLinesPerFrame,TEXT,
Peter McKinney,15/12/2017,Peter McKinney,15/12/2017,,video.width,TEXT,
Ex Libris,07/17/2013,Ex Libris,07/17/2013,,web.arcFormat,TEXT,
Ex Libris,07/17/2013,Ex Libris,07/17/2013,,web.compressed,TEXT,
Ex Libris,07/17/2013,Ex Libris,07/17/2013,,web.conformsTo,TEXT,
Ex Libris,07/17/2013,Ex Libris,07/17/2013,,web.createdDate,DATE,
Ex Libris,07/17/2013,Ex Libris,07/17/2013,,web.creatingSoftware,TEXT,
Ex Libris,07/17/2013,Ex Libris,07/17/2013,,web.hostName,TEXT,
Ex Libris,07/17/2013,Ex Libris,07/17/2013,,web.iPAddress,TEXT,
Ex Libris,07/17/2013,Ex Libris,07/17/2013,,web.mimeReport,TEXT,
Ex Libris,07/17/2013,Ex Libris,07/17/2013,,web.operator,TEXT,
Ex Libris,07/17/2013,Ex Libris,07/17/2013,,web.robotPolicy,TEXT,
Ex Libris,07/17/2013,Ex Libris,07/17/2013,,works.package,TEXT,
Ex Libris,07/17/2013,Ex Libris,07/17/2013,,works.version,TEXT,
Ex Libris,07/17/2013,Ex Libris,07/17/2013,,xml.namespacePrefix,TEXT,
Ex Libris,07/17/2013,Ex Libris,07/17/2013,,xml.namespaces,TEXT,
Ex Libris,07/17/2013,Ex Libris,07/17/2013,,xml.namespaceURI,TEXT,
Ex Libris,07/17/2013,Ex Libris,07/17/2013,,xml.parser,TEXT,
Ex Libris,07/17/2013,Ex Libris,07/17/2013,,xml.schemaLocation,TEXT,
Ex Libris,07/17/2013,Ex Libris,07/17/2013,,xml.schemaNamespaceURI,TEXT,
Ex Libris,07/17/2013,Ex Libris,07/17/2013,,xml.schemaRoot,TEXT,
Jan Hutar,25/03/2021,Jan Hutar,25/03/2021,,object.identifier,TEXT,
Jan Hutar,25/03/2021,Jan Hutar,25/03/2021,,object.contributor,TEXT,
Jan Hutar,25/03/2021,Jan Hutar,25/03/2021,,object.publication_date,DATE,
Jan Hutar,25/03/2021,Jan Hutar,25/03/2021,,object.publisher,TEXT,
Jan Hutar,25/03/2021,Jan Hutar,25/03/2021,,object.copyright,TEXT,
Jan Hutar,25/03/2021,Jan Hutar,25/03/2021,,object.font_name,TEXT,
Jan Hutar,25/03/2021,Jan Hutar,25/03/2021,,epub.font_file,TEXT,
Jan Hutar,25/03/2021,Jan Hutar,25/03/2021,,epub.media_types,TEXT,
Jan Hutar,25/03/2021,Jan Hutar,25/03/2021,,object.references,TEXT,
Jan Hutar,25/03/2021,Jan Hutar,25/03/2021,,epub.resources,TEXT,
Jan Hutar,25/03/2021,Jan Hutar,25/03/2021,,object.is_encrypted,TEXT,
Jan Hutar,25/03/2021,Jan Hutar,25/03/2021,,epub.has_signatures,TEXT,
Jan Hutar,25/03/2021,Jan Hutar,25/03/2021,,object.has_audio,TEXT,
Jan Hutar,25/03/2021,Jan Hutar,25/03/2021,,object.has_video,TEXT,
Jan Hutar,25/03/2021,Jan Hutar,25/03/2021,,epub.has_fixed_layout,TEXT,
Jan Hutar,25/03/2021,Jan Hutar,25/03/2021,,epub.has_scripts,TEXT,
Jan Hutar,02/05/2021,Jan Hutar,02/05/2021,,png.gamma,TEXT,
Jan Hutar,02/05/2021,Jan Hutar,02/05/2021,,png.blue_background_value,NUMBER,
Jan Hutar,02/05/2021,Jan Hutar,02/05/2021,,png.red_background_value,NUMBER,
Jan Hutar,02/05/2021,Jan Hutar,02/05/2021,,png.green_background_value,NUMBER,
Jan Hutar,02/05/2021,Jan Hutar,02/05/2021,,png.SRGB_rendering_intent,TEXT,
Jan Hutar,25/03/2021,Jan Hutar,25/03/2021,,png.pixel_unit,TEXT,
Jan Hutar,25/03/2021,Jan Hutar,25/03/2021,,png.x_pixels_per_unit,NUMBER,
Jan Hutar,25/03/2021,Jan Hutar,25/03/2021,,png.y_pixels_per_unit,NUMBER,
Jan Hutar,25/03/2021,Jan Hutar,25/03/2021,,png.color_type,TEXT,
Jan Hutar,25/03/2021,Jan Hutar,25/03/2021,,png.compression,TEXT,
Jan Hutar,25/03/2021,Jan Hutar,25/03/2021,,png.filter_type,NUMBER,
Jan Hutar,25/03/2021,Jan Hutar,25/03/2021,,png.interlace,TEXT,
Jan Hutar,25/03/2021,Jan Hutar,26/01/2022,,png.significant_bits,TEXT,
Jan Hutar,25/03/2021,Jan Hutar,25/03/2021,,png.keyword_key,TEXT,
Jan Hutar,25/03/2021,Jan Hutar,25/03/2021,,png.keyword_value,TEXT,
Jan Hutar,25/03/2021,Jan Hutar,25/03/2021,,audio.encoded_library,TEXT,
Jan Hutar,25/03/2021,Jan Hutar,25/03/2021,,audio.commercial_name,TEXT,
Jan Hutar,25/03/2021,Jan Hutar,25/03/2021,,audio.compression_mode,TEXT,
Jan Hutar,25/03/2021,Jan Hutar,25/03/2021,,audio.default,TEXT,
Jan Hutar,25/03/2021,Jan Hutar,25/03/2021,,audio.forced,TEXT,
Jan Hutar,25/03/2021,Jan Hutar,25/03/2021,,audio.service_kind,TEXT,
Jan Hutar,25/03/2021,Jan Hutar,25/03/2021,,general.audio_count,NUMBER,
Jan Hutar,25/03/2021,Jan Hutar,25/03/2021,,general.encoded_application_company_name,TEXT,
Jan Hutar,25/03/2021,Jan Hutar,25/03/2021,,general.encoded_application_name,TEXT,
Jan Hutar,25/03/2021,Jan Hutar,25/03/2021,,general.encoded_application_version,TEXT,
Jan Hutar,25/03/2021,Jan Hutar,25/03/2021,,general.encoded_library_name,TEXT,
Jan Hutar,25/03/2021,Jan Hutar,25/03/2021,,general.encoded_library_version,TEXT,
Jan Hutar,25/03/2021,Jan Hutar,25/03/2021,,general.format_settings,TEXT,
Jan Hutar,25/03/2021,Jan Hutar,25/03/2021,,general.is_streamable,BOOL,
Jan Hutar,25/03/2021,Jan Hutar,25/03/2021,,general.other_count,NUMBER,
Jan Hutar,25/03/2021,Jan Hutar,25/03/2021,,general.overall_bit_rate_mode,TEXT,
Jan Hutar,25/03/2021,Jan Hutar,25/03/2021,,general.package_name,TEXT,
Jan Hutar,25/03/2021,Jan Hutar,25/03/2021,,general.stream_size,NUMBER,
Jan Hutar,25/03/2021,Jan Hutar,25/03/2021,,general.text_count,NUMBER,
Jan Hutar,25/03/2021,Jan Hutar,25/03/2021,,general.menu_count,NUMBER,
Jan Hutar,25/03/2021,Jan Hutar,25/03/2021,,general.unique_id,TEXT,
Jan Hutar,25/03/2021,Jan Hutar,25/03/2021,,general.video_count,NUMBER,
Jan Hutar,25/03/2021,Jan Hutar,25/03/2021,,general.title,TEXT,
Jan Hutar,25/03/2021,Jan Hutar,25/03/2021,,general.extra.error_detection_type,TEXT,
Jan Hutar,25/03/2021,Jan Hutar,25/03/2021,,general.extra.is_truncated,TEXT,
Jan Hutar,25/03/2021,Jan Hutar,25/03/2021,,video.bit_rate_mode,TEXT,
Jan Hutar,25/03/2021,Jan Hutar,25/03/2021,,video.extra.coder_type,TEXT,
Jan Hutar,25/03/2021,Jan Hutar,25/03/2021,,video.encoded_library,TEXT,
Jan Hutar,25/03/2021,Jan Hutar,25/03/2021,,video.format_settings_GOP,TEXT,
Jan Hutar,25/03/2021,Jan Hutar,25/03/2021,,video.frame_count,NUMBER,
Jan Hutar,25/03/2021,Jan Hutar,25/03/2021,,video.pixel_aspect_ratio,FLOAT,
Jan Hutar,25/03/2021,Jan Hutar,25/03/2021,,video.pixel_aspect_ratio_original,FLOAT,
Jan Hutar,25/03/2021,Jan Hutar,25/03/2021,,video.scan_order,TEXT,
Jan Hutar,25/03/2021,Jan Hutar,25/03/2021,,video.time_code_of_first_frame,TEXT,
Jan Hutar,25/03/2021,Jan Hutar,25/03/2021,,video.time_code_source,TEXT,
Jan Hutar,25/03/2021,Jan Hutar,25/03/2021,,video.transfer_characteristics,TEXT,
Jan Hutar,25/03/2021,Jan Hutar,25/03/2021,,video.extra.max_slices_count,NUMBER,
Jan Hutar,25/03/2021,Jan Hutar,25/03/2021,,video.extra.error_detection_type,TEXT,
Jan Hutar,25/03/2021,Jan Hutar,25/03/2021,,video.extra.original_source_medium,TEXT,
Jan Hutar,25/03/2021,Jan Hutar,25/03/2021,,video.default,TEXT,
Jan Hutar,25/03/2021,Jan Hutar,25/03/2021,,video.forced,TEXT,
Jan Hutar,25/03/2021,Jan Hutar,25/03/2021,,ms.category,TEXT,
Jan Hutar,25/03/2021,Jan Hutar,25/03/2021,,ms.charactersWithSpaces,NUMBER,
Jan Hutar,25/03/2021,Jan Hutar,25/03/2021,,ms.company,TEXT,
Jan Hutar,25/03/2021,Jan Hutar,25/03/2021,,ms.security,TEXT,
Jan Hutar,25/03/2021,Jan Hutar,25/03/2021,,ms.headingPairs,TEXT,
Jan Hutar,25/03/2021,Jan Hutar,25/03/2021,,ms.hiddenSlides,TEXT,
Jan Hutar,25/03/2021,Jan Hutar,25/03/2021,,ms.hyperlinksChanged,TEXT,
Jan Hutar,25/03/2021,Jan Hutar,25/03/2021,,ms.lastModifiedBy,TEXT,
Jan Hutar,25/03/2021,Jan Hutar,25/03/2021,,ms.lines,TEXT,
Jan Hutar,25/03/2021,Jan Hutar,25/03/2021,,ms.linksUpToDate,TEXT,
Jan Hutar,25/03/2021,Jan Hutar,25/03/2021,,ms.manager,TEXT,
Jan Hutar,25/03/2021,Jan Hutar,25/03/2021,,ms.mmClips,TEXT,
Jan Hutar,25/03/2021,Jan Hutar,25/03/2021,,ms.paragraphs,TEXT,
Jan Hutar,25/03/2021,Jan Hutar,25/03/2021,,ms.presentationFormat,TEXT,
Jan Hutar,25/03/2021,Jan Hutar,25/03/2021,,ms.scaleCrop,TEXT,
Jan Hutar,25/03/2021,Jan Hutar,25/03/2021,,ms.sharedDoc,TEXT,
Jan Hutar,25/03/2021,Jan Hutar,25/03/2021,,ms.slides,TEXT,
Jan Hutar,25/03/2021,Jan Hutar,25/03/2021,,ms.titleOfParts,TEXT,
Jan Hutar,25/03/2021,Jan Hutar,25/03/2021,,ms.editTime,TEXT,
Jan Hutar,25/03/2021,Jan Hutar,25/03/2021,,ms.backupTime,TEXT,
Jan Hutar,25/03/2021,Jan Hutar,25/03/2021,,ms.comment,TEXT,
Jan Hutar,25/03/2021,Jan Hutar,25/03/2021,,ms.copyright,TEXT,
Jan Hutar,25/03/2021,Jan Hutar,25/03/2021,,ms.hyperlinkBase,TEXT,
Jan Hutar,25/03/2021,Jan Hutar,25/03/2021,,ms.id,TEXT,
Jan Hutar,26/01/2022,Jan Hutar,26/01/2022,,general.extra.attachments,TEXT,
Jan Hutar,07/05/2022,Jan Hutar,07/05/2022,,general.extra.bext_present,TEXT,
Jan Hutar,07/05/2022,Jan Hutar,07/05/2022,,general.producer,TEXT,
Jan Hutar,07/05/2022,Jan Hutar,07/05/2022,,audio.format_settings_sign,TEXT,
Jan Hutar,01/02/2023,Jan Hutar,01/02/2023,,general.extra.original_media_type,TEXT,
Jan Hutar,01/02/2023,Jan Hutar,01/02/2023,,general.extra.recording_standard,TEXT,
Jan Hutar,01/02/2023,Jan Hutar,01/02/2023,,general.extra.original_audio_channel_mode,TEXT,
Jan Hutar,01/02/2023,Jan Hutar,01/02/2023,,general.extra.original_tape_type,TEXT,
Jan Hutar,01/02/2023,Jan Hutar,01/02/2023,,general.extra.playback_device_name,TEXT,
Jan Hutar,01/02/2023,Jan Hutar,01/02/2023,,general.extra.playback_device_serial_number,TEXT,
Jan Hutar,01/02/2023,Jan Hutar,01/02/2023,,general.extra.playback_type,TEXT,
Jan Hutar,01/02/2023,Jan Hutar,01/02/2023,,general.extra.ad_dd_converter_name,TEXT,
Jan Hutar,01/02/2023,Jan Hutar,01/02/2023,,general.extra.ad_dd_converter_serial_number,TEXT,
Jan Hutar,01/02/2023,Jan Hutar,01/02/2023,,general.extra.digital_video_workstation_name,TEXT,
Jan Hutar,01/02/2023,Jan Hutar,01/02/2023,,general.extra.digital_video_workstation_serial_number,TEXT,
Jan Hutar,01/02/2023,Jan Hutar,01/02/2023,,general.extra.capture_date_time,TEXT,
Jan Hutar,01/02/2023,Jan Hutar,01/02/2023,,general.extra.capture_software,TEXT,
Jan Hutar,01/02/2023,Jan Hutar,01/02/2023,,general.extra.company_name,TEXT,
Jan Hutar,01/02/2023,Jan Hutar,01/02/2023,,general.extra.originator,TEXT,
Jan Hutar,01/02/2023,Jan Hutar,01/02/2023,,general.extra.originator_reference,TEXT,
Jan Hutar,01/02/2023,Jan Hutar,01/02/2023,,general.extra.free_text,TEXT,
Jan Hutar,01/02/2023,Jan Hutar,01/02/2023,,general.original_source_form,TEXT,
Jan Hutar,01/02/2023,Jan Hutar,01/02/2023,,audio.channel_layout,TEXT,
Jan Hutar,01/02/2023,Jan Hutar,01/02/2023,,audio.encoded_date,DATE,
Jan Hutar,01/02/2023,Jan Hutar,01/02/2023,,audio.encoded_library_date,DATE,
Jan Hutar,01/02/2023,Jan Hutar,01/02/2023,,audio.encoded_library_name,TEXT,
Jan Hutar,01/02/2023,Jan Hutar,01/02/2023,,audio.encoded_library_version,TEXT,
Jan Hutar,01/02/2023,Jan Hutar,01/02/2023,,audio.format_settings_endianness,TEXT,
Jan Hutar,01/02/2023,Jan Hutar,01/02/2023,,audio.samples_per_frame,TEXT,
Jan Hutar,01/02/2023,Jan Hutar,01/02/2023,,audio.tagged_date,DATE,
Jan Hutar,01/02/2023,Jan Hutar,01/02/2023,,general.codec_ID_compatible,TEXT,
Jan Hutar,01/02/2023,Jan Hutar,01/02/2023,,general.comment,TEXT,
Jan Hutar,01/02/2023,Jan Hutar,01/02/2023,,general.copyright,TEXT,
Jan Hutar,01/02/2023,Jan Hutar,01/02/2023,,general.cover,TEXT,
Jan Hutar,01/02/2023,Jan Hutar,01/02/2023,,general.cover_description,TEXT,
Jan Hutar,01/02/2023,Jan Hutar,01/02/2023,,general.cover_mime,TEXT,
Jan Hutar,01/02/2023,Jan Hutar,01/02/2023,,general.cover_type,TEXT,
Jan Hutar,01/02/2023,Jan Hutar,01/02/2023,,general.description,TEXT,
Jan Hutar,01/02/2023,Jan Hutar,01/02/2023,,general.encoded_by,TEXT,
Jan Hutar,01/02/2023,Jan Hutar,01/02/2023,,general.encoded_library_settings,TEXT,
Jan Hutar,01/02/2023,Jan Hutar,01/02/2023,,general.extra.cdtoc,TEXT,
Jan Hutar,01/02/2023,Jan Hutar,01/02/2023,,general.extra.coding_history,TEXT,
Jan Hutar,01/02/2023,Jan Hutar,01/02/2023,,general.extra.ctdbdisconfidence,TEXT,
Jan Hutar,01/02/2023,Jan Hutar,01/02/2023,,general.extra.cuesheet,TEXT,
Jan Hutar,01/02/2023,Jan Hutar,01/02/2023,,general.extra.engineer,TEXT,
Jan Hutar,01/02/2023,Jan Hutar,01/02/2023,,general.extra.fileextension_invalid,TEXT,
Jan Hutar,01/02/2023,Jan Hutar,01/02/2023,,general.extra.log,TEXT,
Jan Hutar,01/02/2023,Jan Hutar,01/02/2023,,general.extra.media,TEXT,
Jan Hutar,01/02/2023,Jan Hutar,01/02/2023,,general.extra.ownr,TEXT,
Jan Hutar,01/02/2023,Jan Hutar,01/02/2023,,general.extra.producer_reference,TEXT,
Jan Hutar,01/02/2023,Jan Hutar,01/02/2023,,general.extra.purchase_date,DATE,
Jan Hutar,01/02/2023,Jan Hutar,01/02/2023,,general.extra.vendor,TEXT,
Jan Hutar,01/02/2023,Jan Hutar,01/02/2023,,general.file_modified_date,DATE,
Jan Hutar,01/02/2023,Jan Hutar,01/02/2023,,general.file_modified_date_local,DATE,
Jan Hutar,01/02/2023,Jan Hutar,01/02/2023,,general.format_commerical_ifany,TEXT,
Jan Hutar,01/02/2023,Jan Hutar,01/02/2023,,general.part,TEXT,
Jan Hutar,01/02/2023,Jan Hutar,01/02/2023,,general.part_position,TEXT,
Jan Hutar,01/02/2023,Jan Hutar,01/02/2023,,general.part_position_total,TEXT,
Jan Hutar,01/02/2023,Jan Hutar,01/02/2023,,general.recorded_date,TEXT,
Jan Hutar,01/02/2023,Jan Hutar,01/02/2023,,general.track,TEXT,
Jan Hutar,01/02/2023,Jan Hutar,01/02/2023,,general.track_position_total,TEXT,
Jan Hutar,27/07/2023,Jan Hutar,27/07/2023,,pdf.base_version,NUMBER,
Jan Hutar,27/07/2023,Jan Hutar,27/07/2023,,pdf.developer_prefix,TEXT,
Jan Hutar,27/07/2023,Jan Hutar,27/07/2023,,pdf.extension_level,NUMBER,
Jan Hutar,27/07/2023,Jan Hutar,27/07/2023,,pdf.owner_encryption_key,TEXT,
Jan Hutar,27/07/2023,Jan Hutar,27/07/2023,,pdf.user_encryption_key,TEXT,
Jan Hutar,27/07/2023,Jan Hutar,27/07/2023,,geoTIFF.version,NUMBER,
Jan Hutar,27/07/2023,Jan Hutar,27/07/2023,,geoTIFF.revision,NUMBER,
Jan Hutar,27/07/2023,Jan Hutar,27/07/2023,,geoTIFF.number_of_keys,NUMBER,
Jan Hutar,27/07/2023,Jan Hutar,27/07/2023,,geoTIFF.GT_model_type,TEXT,
Jan Hutar,27/07/2023,Jan Hutar,27/07/2023,,geoTIFF.GT_raster_type,TEXT,
Jan Hutar,27/07/2023,Jan Hutar,27/07/2023,,geoTIFF.GT_citation,TEXT,
Jan Hutar,27/07/2023,Jan Hutar,27/07/2023,,geoTIFF.geog_geodetic_datum,TEXT,
Jan Hutar,27/07/2023,Jan Hutar,27/07/2023,,geoTIFF.geog_ellipsoid,TEXT,
Jan Hutar,27/07/2023,Jan Hutar,27/07/2023,,geoTIFF.projected_CSType,TEXT,
Jan Hutar,27/07/2023,Jan Hutar,27/07/2023,,geoTIFF.PCS_Citation,TEXT,
Jan Hutar,27/07/2023,Jan Hutar,27/07/2023,,geoTIFF.projection,TEXT,
Jan Hutar,27/07/2023,Jan Hutar,27/07/2023,,geoTIFF.proj_coord_trans,TEXT,
Jan Hutar,27/07/2023,Jan Hutar,27/07/2023,,geoTIFF.proj_linear_units,TEXT,
Jan Hutar,27/07/2023,Jan Hutar,27/07/2023,,geoTIFF.proj_nat_origin_long,NUMBER,
Jan Hutar,27/07/2023,Jan Hutar,27/07/2023,,geoTIFF.proj_nat_origin_lat,NUMBER,
Jan Hutar,27/07/2023,Jan Hutar,27/07/2023,,geoTIFF.proj_false_easting,NUMBER,
Jan Hutar,27/07/2023,Jan Hutar,27/07/2023,,geoTIFF.proj_false_northing,NUMBER,
Jan Hutar,27/07/2023,Jan Hutar,27/07/2023,,geoTIFF.proj_scale_at_nat_origin,NUMBER,
Jan Hutar,27/07/2023,Jan Hutar,27/07/2023,,geoTIFF.model_tiepoint_tag,TEXT,
Jan Hutar,27/07/2023,Jan Hutar,27/07/2023,,geoTIFF.model_pixel_scale_tag,TEXT,
Jan Hutar,27/07/2023,Jan Hutar,27/07/2023,,image.digital_camera_model_name,TEXT,
Jan Hutar,27/07/2023,Jan Hutar,27/07/2023,,image.digital_camera_model_number,TEXT,
Jan Hutar,27/07/2023,Jan Hutar,27/07/2023,,image.digital_camera_model_serial_no,TEXT,
Jan Hutar,27/07/2023,Jan Hutar,27/07/2023,,text.charset,TEXT,
Jan Hutar,27/07/2023,Jan Hutar,27/07/2023,,text.byte_order,TEXT,
Jan Hutar,27/07/2023,Jan Hutar,27/07/2023,,text.byte_size,NUMBER,
Jan Hutar,27/07/2023,Jan Hutar,27/07/2023,,text.character_size,NUMBER,
Jan Hutar,27/07/2023,Jan Hutar,27/07/2023,,text.linebreak,TEXT,
Jan Hutar,06/08/2023,Jan Hutar,06/08/2023,,pdf.nisoimagemetadata.MIME_type,TEXT,
Jan Hutar,06/08/2023,Jan Hutar,06/08/2023,,pdf.nisoimagemetadata.compression_scheme,NUMBER,
Jan Hutar,06/08/2023,Jan Hutar,06/08/2023,,pdf.nisoimagemetadata.color_space,NUMBER,
Jan Hutar,06/08/2023,Jan Hutar,06/08/2023,,pdf.nisoimagemetadata.image_width,NUMBER,
Jan Hutar,06/08/2023,Jan Hutar,06/08/2023,,pdf.nisoimagemetadata.image_length,NUMBER,
Jan Hutar,06/08/2023,Jan Hutar,06/08/2023,,pdf.nisoimagemetadata.bits_per_sample,TEXT,
Jan Hutar,06/08/2023,Jan Hutar,06/08/2023,,pdf.type1.font.base_font,TEXT,
Jan Hutar,06/08/2023,Jan Hutar,06/08/2023,,pdf.truetype.font.base_font,TEXT,
Jan Hutar,06/08/2023,Jan Hutar,06/08/2023,,pdf.truetype.font.font_subset,TEXT,
Jan Hutar,06/08/2023,Jan Hutar,06/08/2023,,pdf.truetype.font.first_char,NUMBER,
Jan Hutar,06/08/2023,Jan Hutar,06/08/2023,,pdf.truetype.font.last_char,NUMBER,
Jan Hutar,06/08/2023,Jan Hutar,06/08/2023,,pdf.truetype.fontdescriptor.font_name,TEXT,
Jan Hutar,06/08/2023,Jan Hutar,06/08/2023,,pdf.truetype.fontdescriptor.flags,TEXT,
Jan Hutar,06/08/2023,Jan Hutar,06/08/2023,,pdf.truetype.fontdescriptor.font_BBox,TEXT,
Jan Hutar,06/08/2023,Jan Hutar,06/08/2023,,pdf.truetype.fontdescriptor.font_file2,TEXT,
Jan Hutar,06/08/2023,Jan Hutar,06/08/2023,,pdf.page.sequence,NUMBER,
Jan Hutar,06/08/2023,Jan Hutar,06/08/2023,,ewf.program,TEXT,
Jan Hutar,06/08/2023,Jan Hutar,06/08/2023,,ewf.version,TEXT,
Jan Hutar,06/08/2023,Jan Hutar,06/08/2023,,ewf.complier,TEXT,
Jan Hutar,06/08/2023,Jan Hutar,06/08/2023,,ewf.compilation_date,TEXT,
Jan Hutar,06/08/2023,Jan Hutar,06/08/2023,,ewf.library,TEXT,
Jan Hutar,06/08/2023,Jan Hutar,06/08/2023,,ewf.image_filename,TEXT,
Jan Hutar,06/08/2023,Jan Hutar,06/08/2023,,ewf.case_number,TEXT,
Jan Hutar,06/08/2023,Jan Hutar,06/08/2023,,ewf.description,TEXT,
Jan Hutar,06/08/2023,Jan Hutar,06/08/2023,,ewf.examiner_name,TEXT,
Jan Hutar,06/08/2023,Jan Hutar,06/08/2023,,ewf.evidence_number,TEXT,
Jan Hutar,06/08/2023,Jan Hutar,06/08/2023,,ewf.notes,TEXT,
Jan Hutar,06/08/2023,Jan Hutar,06/08/2023,,ewf.acquisition_date,DATE,
Jan Hutar,06/08/2023,Jan Hutar,06/08/2023,,ewf.system_date,DATE,
Jan Hutar,06/08/2023,Jan Hutar,06/08/2023,,ewf.acquisition_system,TEXT,
Jan Hutar,06/08/2023,Jan Hutar,06/08/2023,,ewf.acquisition_version,TEXT,
Jan Hutar,06/08/2023,Jan Hutar,06/08/2023,,ewf.model,TEXT,
Jan Hutar,06/08/2023,Jan Hutar,06/08/2023,,ewf.serial_number,TEXT,
Jan Hutar,06/08/2023,Jan Hutar,06/08/2023,,ewf.file_format,TEXT,
Jan Hutar,06/08/2023,Jan Hutar,06/08/2023,,ewf.sectors_per_chunk,NUMBER,
Jan Hutar,06/08/2023,Jan Hutar,06/08/2023,,ewf.error_granularity,NUMBER,
Jan Hutar,06/08/2023,Jan Hutar,06/08/2023,,ewf.compression_method,TEXT,
Jan Hutar,06/08/2023,Jan Hutar,06/08/2023,,ewf.compression_level,TEXT,
Jan Hutar,06/08/2023,Jan Hutar,06/08/2023,,ewf.is_corrupted,BOOLEAN,
Jan Hutar,06/08/2023,Jan Hutar,06/08/2023,,ewf.set_identifier,TEXT,
Jan Hutar,06/08/2023,Jan Hutar,06/08/2023,,ewf.media_type,TEXT,
Jan Hutar,06/08/2023,Jan Hutar,06/08/2023,,ewf.is_physical,TEXT,
Jan Hutar,06/08/2023,Jan Hutar,06/08/2023,,ewf.bytes_per_sector,NUMBER,
Jan Hutar,06/08/2023,Jan Hutar,06/08/2023,,ewf.number_of_sectors,NUMBER,
Jan Hutar,06/08/2023,Jan Hutar,06/08/2023,,ewf.media_size,NUMBER,
Jan Hutar,06/08/2023,Jan Hutar,06/08/2023,,ewf.md5,TEXT,
Jan Hutar,06/08/2023,Jan Hutar,06/08/2023,,ewf.sha1,TEXT,
Jan Hutar,06/08/2023,Jan Hutar,06/08/2023,,ewf.sessions,NUMBER,
Jan Hutar,06/08/2023,Jan Hutar,06/08/2023,,ewf.acquisition_read_errors,NUMBER,
Jan Hutar,06/12/2023,Jan Hutar,06/12/2023,,pdf.language,TEXT,
Jan Hutar,06/12/2023,Jan Hutar,06/12/2023,,pdf.viewerpreferences.hide_toolbar,TEXT,
Jan Hutar,06/12/2023,Jan Hutar,06/12/2023,,pdf.viewerpreferences.hide_menubar,TEXT,
Jan Hutar,06/12/2023,Jan Hutar,06/12/2023,,pdf.viewerpreferences.hide_windowUI,TEXT,
Jan Hutar,06/12/2023,Jan Hutar,06/12/2023,,pdf.viewerpreferences.fit_window,TEXT,
Jan Hutar,06/12/2023,Jan Hutar,06/12/2023,,pdf.viewerpreferences.center_window,TEXT,
Jan Hutar,06/12/2023,Jan Hutar,06/12/2023,,pdf.viewerpreferences.display_doctitle,TEXT,
Jan Hutar,06/12/2023,Jan Hutar,06/12/2023,,pdf.viewerpreferences.nonfullscreen_pagemode,TEXT,
Jan Hutar,06/12/2023,Jan Hutar,06/12/2023,,pdf.viewerpreferences.direction,TEXT,
Jan Hutar,06/12/2023,Jan Hutar,06/12/2023,,pdf.viewerpreferences.view_area,TEXT,
Jan Hutar,06/12/2023,Jan Hutar,06/12/2023,,pdf.viewerpreferences.view_clip,TEXT,
Jan Hutar,06/12/2023,Jan Hutar,06/12/2023,,pdf.viewerpreferences.print_area,TEXT,
Jan Hutar,06/12/2023,Jan Hutar,06/12/2023,,pdf.viewerpreferences.page_clip,TEXT,
Jan Hutar,06/12/2023,Jan Hutar,06/12/2023,,pdf.type1.font.name,TEXT,
Jan Hutar,06/12/2023,Jan Hutar,06/12/2023,,pdf.type1.font.font_subset,TEXT,
Jan Hutar,06/12/2023,Jan Hutar,06/12/2023,,pdf.type1.font.first_char,NUMBER,
Jan Hutar,06/12/2023,Jan Hutar,06/12/2023,,pdf.type1.font.last_char,NUMBER,
Jan Hutar,06/12/2023,Jan Hutar,06/12/2023,,pdf.type1.font.encoding,TEXT,
Jan Hutar,06/12/2023,Jan Hutar,06/12/2023,,pdf.type1.font.to_unicode,TEXT,
Jan Hutar,06/12/2023,Jan Hutar,06/12/2023,,pdf.type1.font.fontdescriptor.font_name,TEXT,
Jan Hutar,06/12/2023,Jan Hutar,06/12/2023,,pdf.type1.font.fontdescriptor.font_file3,TEXT,
Jan Hutar,06/12/2023,Jan Hutar,06/12/2023,,pdf.type1.font.fontdescriptor.flags,TEXT,
Jan Hutar,06/12/2023,Jan Hutar,06/12/2023,,pdf.type1.font.fontdescriptor.font_BBox,TEXT,
Jan Hutar,06/12/2023,Jan Hutar,06/12/2023,,pdf.type1.font.encodingdictionary.base_encoding,TEXT,
Jan Hutar,06/12/2023,Jan Hutar,06/12/2023,,pdf.type1.font.encodingdictionary.differences,TEXT,
Jan Hutar,06/12/2023,Jan Hutar,06/12/2023,,pdf.type0.font.base_font,TEXT,
Jan Hutar,06/12/2023,Jan Hutar,06/12/2023,,pdf.type0.font.encoding,TEXT,
Jan Hutar,06/12/2023,Jan Hutar,06/12/2023,,pdf.type0.font.to_unicode,TEXT,
Jan Hutar,06/12/2023,Jan Hutar,06/12/2023,,pdf.truetype.font.name,TEXT,
Jan Hutar,06/12/2023,Jan Hutar,06/12/2023,,pdf.truetype.font.encoding,TEXT,
Jan Hutar,06/12/2023,Jan Hutar,06/12/2023,,pdf.truetype.font.to_unicode,TEXT,
Jan Hutar,06/12/2023,Jan Hutar,06/12/2023,,pdf.truetype.font.encodingdictionary.base_encoding,TEXT,
Jan Hutar,06/12/2023,Jan Hutar,06/12/2023,,pdf.truetype.font.encodingdictionary.differences,TEXT,
Jan Hutar,06/12/2023,Jan Hutar,06/12/2023,,pdf.CIDFontType2.font.base_font,TEXT,
Jan Hutar,06/12/2023,Jan Hutar,06/12/2023,,pdf.CIDFontType2.font.CIDsysteminfo.registry,TEXT,
Jan Hutar,06/12/2023,Jan Hutar,06/12/2023,,pdf.CIDFontType2.font.CIDsysteminfo.supplement,NUMBER,
Jan Hutar,06/12/2023,Jan Hutar,06/12/2023,,pdf.CIDFontType2.font.fontdescriptor.font_name,TEXT,
Jan Hutar,06/12/2023,Jan Hutar,06/12/2023,,pdf.CIDFontType2.font.fontdescriptor.flags,TEXT,
Jan Hutar,06/12/2023,Jan Hutar,06/12/2023,,pdf.CIDFontType2.font.fontdescriptor.font_BBox,TEXT,
Jan Hutar,06/12/2023,Jan Hutar,06/12/2023,,pdf.CIDFontType2.font.fontdescriptor.font_file2,TEXT,
Jan Hutar,06/12/2023,Jan Hutar,06/12/2023,,pdf.type3.font.name,TEXT,
Jan Hutar,06/12/2023,Jan Hutar,06/12/2023,,pdf.type3.font.first_char,NUMBER,
Jan Hutar,06/12/2023,Jan Hutar,06/12/2023,,pdf.type3.font.last_char,NUMBER,
Jan Hutar,06/12/2023,Jan Hutar,06/12/2023,,pdf.type3.font.font_BBox,TEXT,
Jan Hutar,06/12/2023,Jan Hutar,06/12/2023,,pdf.type3.font.encodingdictionary.differences,TEXT,
Jan Hutar,06/12/2023,Jan Hutar,06/12/2023,,pdf.image.intent,TEXT,
Jan Hutar,06/12/2023,Jan Hutar,06/12/2023,,pdf.image.name,TEXT,
Jan Hutar,06/12/2023,Jan Hutar,06/12/2023,,pdf.image.filter,TEXT,
Jan Hutar,06/12/2023,Jan Hutar,06/12/2023,,pdf.image.interpolate,TEXT,
Jan Hutar,06/12/2023,Jan Hutar,06/12/2023,,pdf.image.decode,TEXT,
Jan Hutar,06/12/2023,Jan Hutar,06/12/2023,,audio.sourceForm,TEXT,
Jan Hutar,06/12/2023,Jan Hutar,06/12/2023,,geoTIFF.geographic_type,TEXT,
Jan Hutar,06/12/2023,Jan Hutar,06/12/2023,,geoTIFF.geog_citation,TEXT,
Jan Hutar,06/12/2023,Jan Hutar,06/12/2023,,geoTIFF.geog_prime_meridian,TEXT,
Jan Hutar,06/12/2023,Jan Hutar,06/12/2023,,geoTIFF.geog_angular_units,TEXT,
Jan Hutar,06/12/2023,Jan Hutar,06/12/2023,,geoTIFF.geog_angular_unit_size,NUMBER,
Jan Hutar,06/12/2023,Jan Hutar,06/12/2023,,geoTIFF.geog_semi_major_axis,NUMBER,
Jan Hutar,06/12/2023,Jan Hutar,06/12/2023,,geoTIFF.geog_inv_flattening,NUMBER,
Jan Hutar,06/12/2023,Jan Hutar,06/12/2023,,geoTIFF.geog_prime_meridian_long,NUMBER,
Jan Hutar,06/12/2023,Jan Hutar,06/12/2023,,geoTIFF.proj_linear_unit_size,NUMBER,
Jan Hutar,06/12/2023,Jan Hutar,06/12/2023,,geoTIFF.proj_center_long,NUMBER,
Jan Hutar,06/12/2023,Jan Hutar,06/12/2023,,geoTIFF.proj_center_lat,NUMBER,
Jan Hutar,06/12/2023,Jan Hutar,06/12/2023,,geoTIFF.proj_center_easting,NUMBER,
Jan Hutar,06/12/2023,Jan Hutar,06/12/2023,,geoTIFF.proj_false_origin_northing,NUMBER,
Jan Hutar,06/12/2023,Jan Hutar,06/12/2023,,geoTIFF.proj_scale_at_center,NUMBER,
Jan Hutar,06/12/2023,Jan Hutar,06/12/2023,,geoTIFF.proj_std_parallel1,NUMBER,
Jan Hutar,06/12/2023,Jan Hutar,06/12/2023,,geoTIFF.proj_std_parallel2,NUMBER,
Jan Hutar,06/12/2023,Jan Hutar,06/12/2023,,geoTIFF.proj_azimuth_angle,NUMBER,
Jan Hutar,06/12/2023,Jan Hutar,06/12/2023,,geoTIFF.vertical_units,TEXT,
Jan Hutar,28/07/2024,Jan Hutar,28/07/2024,,exiftool.warning,TEXT,
Jan Hutar,28/07/2024,Jan Hutar,28/07/2024,,pdf.container_version,TEXT,
Jan Hutar,28/07/2024,Jan Hutar,28/07/2024,,pdf.creator_version,TEXT,
Jan Hutar,28/07/2024,Jan Hutar,28/07/2024,,pdf.pdfXversion,TEXT,
Jan Hutar,28/07/2024,Jan Hutar,28/07/2024,,pdf.hasXFA,TEXT,
Jan Hutar,28/07/2024,Jan Hutar,28/07/2024,,pdf.linearized,TEXT,
Jan Hutar,28/07/2024,Jan Hutar,28/07/2024,,pdf.version,TEXT,
Jan Hutar,28/07/2024,Jan Hutar,28/07/2024,,pdf.tagged,TEXT,
Jan Hutar,28/07/2024,Jan Hutar,28/07/2024,,pdf.trapped,BOOLEAN,
Jan Hutar,28/07/2024,Jan Hutar,28/07/2024,,ps.AI_color_model,TEXT,
Jan Hutar,28/07/2024,Jan Hutar,28/07/2024,,ps.AI_creator_version,TEXT,
Jan Hutar,28/07/2024,Jan Hutar,28/07/2024,,ps.AI_num_layers,NUMBER,
Jan Hutar,28/07/2024,Jan Hutar,28/07/2024,,ps.for,TEXT,
Jan Hutar,28/07/2024,Jan Hutar,28/07/2024,,ps.title,TEXT,
Jan Hutar,28/07/2024,Jan Hutar,28/07/2024,,xmp.dc.title,TEXT,
Jan Hutar,28/07/2024,Jan Hutar,28/07/2024,,xmp.pdf.copyright,TEXT,
Jan Hutar,28/07/2024,Jan Hutar,28/07/2024,,xmp.pdf.keywords,TEXT,
Jan Hutar,28/07/2024,Jan Hutar,28/07/2024,,xmp.pdf.creating_application,TEXT,
Jan Hutar,28/07/2024,Jan Hutar,28/07/2024,,xmp.pdf.trapped,BOOLEAN,
Jan Hutar,28/07/2024,Jan Hutar,28/07/2024,,xmp.pdfaid.conformance,TEXT,
Jan Hutar,28/07/2024,Jan Hutar,28/07/2024,,xmp.pdfaid.part,NUMBER,
Jan Hutar,28/07/2024,Jan Hutar,28/07/2024,,xmp.pdfaid.rev,TEXT,
Jan Hutar,28/07/2024,Jan Hutar,28/07/2024,,xmp.pdfxid.pdfXversion,TEXT,
Jan Hutar,28/07/2024,Jan Hutar,28/07/2024,,xmp.xmp.creation_date,TEXT,
Jan Hutar,28/07/2024,Jan Hutar,28/07/2024,,xmp.xmp.creator_tool,TEXT,
Jan Hutar,28/07/2024,Jan Hutar,28/07/2024,,xmp.xmp.modified_date,TEXT,
Jan Hutar,28/07/2024,Jan Hutar,28/07/2024,,xmp.xmpMM.history_parameters,TEXT,
Jan Hutar,28/07/2024,Jan Hutar,28/07/2024,,xmp.xmpRights.cr_marked,BOOLEAN,
Jan Hutar,28/07/2024,Jan Hutar,28/07/2024,,xmp.xmpRights.cr_statement,TEXT,
Jan Hutar,28/07/2024,Jan Hutar,28/07/2024,,xmp.xmpTPg.has_transparency,BOOLEAN,
